Stock Name,Stock Area,Assessment Year,B Year,Estimated B,B Unit,source,Estimated B (Metric Tons)
Blue king crab - Pribilof Islands,Pribilof Islands,2013,2013.0,579.0,mt,AlaskaEco,579.0
Blue king crab - Pribilof Islands,Pribilof Islands,2014,2015.0,218.0,mt,AlaskaEco,218.0
Blue king crab - Pribilof Islands,Pribilof Islands,2015,2015.0,344.0,mt,AlaskaEco,344.0
Blue king crab - Pribilof Islands,Pribilof Islands,2016,2016.0,361.0,metric tons,AlaskaEco,361.0
Blue king crab - Pribilof Islands,Pribilof Islands,2017,2017.0,232.0,metric tons,AlaskaEco,232.0
Blue king crab - Pribilof Islands,Pribilof Islands,2019,2019.0,175.0,Metric Tons,AlaskaEco,175.0
Blue king crab - Pribilof Islands,Pribilof Islands,2021,2021.0,180.0,Metric Tons,AlaskaEco,180.0
Blue king crab - Pribilof Islands,Pribilof Islands,2023,2022.0,180.39999389648438,Metric Tons,AlaskaEco,180.39999389648438
Blue king crab - Saint Matthew Island,Saint Matthew Island,2013,2013.0,2860.0,mt,AlaskaEco,2860.0
Blue king crab - Saint Matthew Island,Saint Matthew Island,2014,2014.0,3010.0,mt,AlaskaEco,3010.0
Blue king crab - Saint Matthew Island,Saint Matthew Island,2015,2015.0,2480.0,metric tons,AlaskaEco,2480.0
Blue king crab - Saint Matthew Island,Saint Matthew Island,2016,2015.0,2110.0,metric tons,AlaskaEco,2110.0
Blue king crab - Saint Matthew Island,Saint Matthew Island,2017,2016.0,2120.0,metric tons,AlaskaEco,2120.0
Blue king crab - Saint Matthew Island,Saint Matthew Island,2018,2018.0,1310.0,Metric Tons,AlaskaEco,1310.0
Blue king crab - Saint Matthew Island,Saint Matthew Island,2019,2019.0,1081.0,Metric Tons,AlaskaEco,1081.0
Blue king crab - Saint Matthew Island,Saint Matthew Island,2020,2020.0,1120.0,Metric Tons,AlaskaEco,1120.0
Blue king crab - Saint Matthew Island,Saint Matthew Island,2022,2022.0,1180.0,Metric Tons,AlaskaEco,1180.0
Golden king crab - Aleutian Islands,Aleutian Islands,2017,2016.0,5814.0,mt,AlaskaEco,5814.0
Golden king crab - Aleutian Islands,Aleutian Islands,2018,2017.0,6397.0,mt,AlaskaEco,6397.0
Golden king crab - Eastern Aleutian Islands,Eastern Aleutian Islands,2017,2016.0,11910.0,mt,AlaskaEco,11910.0
Golden king crab - Eastern Aleutian Islands,Eastern Aleutian Islands,2018,2017.0,11555.0,mt,AlaskaEco,11555.0
Golden king crab - Eastern Aleutian Islands,Eastern Aleutian Islands,2019,2019.0,10.234000205993652,Metric Tons,AlaskaEco,10.234000205993652
Golden king crab - Eastern Aleutian Islands,Eastern Aleutian Islands,2020,2021.0,8470.0,Metric Tons,AlaskaEco,8470.0
Golden king crab - Eastern Aleutian Islands,Eastern Aleutian Islands,2021,2022.0,8717.5595703125,Metric Tons,AlaskaEco,8717.5595703125
Golden king crab - Eastern Aleutian Islands,Eastern Aleutian Islands,2022,2023.0,7387.39990234375,Metric Tons,AlaskaEco,7387.39990234375
Golden king crab - Eastern Aleutian Islands,Eastern Aleutian Islands,2023,2023.0,7493.89990234375,Metric Tons,AlaskaEco,7493.89990234375
Golden king crab - Western Aleutian Islands,Western Aleutian Islands,2017,2016.0,5814.0,mt,AlaskaEco,5814.0
Golden king crab - Western Aleutian Islands,Western Aleutian Islands,2018,2017.0,6397.0,mt,AlaskaEco,6397.0
Golden king crab - Western Aleutian Islands,Western Aleutian Islands,2019,2019.0,5744.0,Metric Tons,AlaskaEco,5744.0
Golden king crab - Western Aleutian Islands,Western Aleutian Islands,2020,2021.0,6290.0,Metric Tons,AlaskaEco,6290.0
Golden king crab - Western Aleutian Islands,Western Aleutian Islands,2021,2022.0,6097.97998046875,Metric Tons,AlaskaEco,6097.97998046875
Golden king crab - Western Aleutian Islands,Western Aleutian Islands,2022,2023.0,4553.83984375,Metric Tons,AlaskaEco,4553.83984375
Golden king crab - Western Aleutian Islands,Western Aleutian Islands,2023,2023.0,4574.81982421875,Metric Tons,AlaskaEco,4574.81982421875
Red king crab - Bristol Bay,Bristol Bay,2013,2012.0,29050.0,mt,AlaskaEco,29050.0
Red king crab - Bristol Bay,Bristol Bay,2014,2013.0,27157.0,mt,AlaskaEco,27157.0
Red king crab - Bristol Bay,Bristol Bay,2015,2014.0,27254.0,metric tons,AlaskaEco,27254.0
Red king crab - Bristol Bay,Bristol Bay,2016,2016.0,24000.0,metric tons,AlaskaEco,24000.0
Red king crab - Bristol Bay,Bristol Bay,2017,2016.0,25800.0,metric tons,AlaskaEco,25800.0
Red king crab - Bristol Bay,Bristol Bay,2018,2018.0,20.799999237060547,Thousand Metric Tons,AlaskaEco,20799.999237060547
Red king crab - Bristol Bay,Bristol Bay,2019,2019.0,16.0,Thousand Metric Tons,AlaskaEco,16000.0
Red king crab - Bristol Bay,Bristol Bay,2020,2020.0,14.930000305175781,Thousand Metric Tons,AlaskaEco,14930.000305175781
Red king crab - Bristol Bay,Bristol Bay,2021,2020.0,13.96399974822998,Thousand Metric Tons,AlaskaEco,13963.99974822998
Red king crab - Bristol Bay,Bristol Bay,2022,2022.0,16.639999389648438,Thousand Metric Tons,AlaskaEco,16639.999389648438
Red king crab - Bristol Bay,Bristol Bay,2023,2023.0,18.34000015258789,Thousand Metric Tons,AlaskaEco,18340.00015258789
Red king crab - Norton Sound,Norton Sound,2013,2013.0,2080.0,mt,AlaskaEco,2080.0
Red king crab - Norton Sound,Norton Sound,2014,2013.0,2160.0,mt,AlaskaEco,2160.0
Red king crab - Norton Sound,Norton Sound,2015,2014.0,2330.0,mt,AlaskaEco,2330.0
Red king crab - Norton Sound,Norton Sound,2016,2015.0,2660.0,mt,AlaskaEco,2660.0
Red king crab - Norton Sound,Norton Sound,2017,2016.0,2660.0,mt,AlaskaEco,2660.0
Red king crab - Norton Sound,Norton Sound,2018,2017.0,2330.0,mt,AlaskaEco,2330.0
Red king crab - Norton Sound,Norton Sound,2019,2019.0,3.119999885559082,Million Pounds,AlaskaEco,1415208.142490473
Red king crab - Norton Sound,Norton Sound,2020,2020.0,1.659999966621399,Thousand Metric Tons,AlaskaEco,1659.999966621399
Red king crab - Norton Sound,Norton Sound,2021,2021.0,2.190000057220459,Thousand Metric Tons,AlaskaEco,2190.000057220459
Red king crab - Norton Sound,Norton Sound,2022,2022.0,2.4200000762939453,Thousand Metric Tons,AlaskaEco,2420.0000762939453
Red king crab - Norton Sound,Norton Sound,2023,2023.0,2.4000000953674316,Thousand Metric Tons,AlaskaEco,2400.0000953674316
Red king crab - Pribilof Islands,Pribilof Islands,2013,2012.0,4025.0,mt,AlaskaEco,4025.0
Red king crab - Pribilof Islands,Pribilof Islands,2014,2013.0,4679.0,mt,AlaskaEco,4679.0
Red king crab - Pribilof Islands,Pribilof Islands,2015,2015.0,8894.0,metric tons,AlaskaEco,8894.0
Red king crab - Pribilof Islands,Pribilof Islands,2016,2016.0,9062.0,metric tons,AlaskaEco,9062.0
Red king crab - Pribilof Islands,Pribilof Islands,2017,2016.0,4788.0,metric tons,AlaskaEco,4788.0
Red king crab - Pribilof Islands,Pribilof Islands,2019,2020.0,5368.0,Metric Tons,AlaskaEco,5368.0
Red king crab - Pribilof Islands,Pribilof Islands,2022,2022.0,3879.0,Metric Tons,AlaskaEco,3879.0
Snow crab - Bering Sea,Bering Sea,2013,2013.0,170100.0,mt,AlaskaEco,170100.0
Snow crab - Bering Sea,Bering Sea,2014,2013.0,126500.0,metric tons,AlaskaEco,126500.0
Snow crab - Bering Sea,Bering Sea,2015,2015.0,168000.0,metric tons,AlaskaEco,168000.0
Snow crab - Bering Sea,Bering Sea,2016,2016.0,91600.0,metric tons,AlaskaEco,91600.0
Snow crab - Bering Sea,Bering Sea,2017,2017.0,94400.0,Metric Tons,AlaskaEco,94400.0
Snow crab - Bering Sea,Bering Sea,2018,2018.0,123.0999984741211,Thousand Metric Tons,AlaskaEco,123099.9984741211
Snow crab - Bering Sea,Bering Sea,2021,2020.0,26.739999771118164,Thousand Metric Tons,AlaskaEco,26739.999771118164
Snow crab - Bering Sea,Bering Sea,2022,2021.0,41200.0,Metric Tons,AlaskaEco,41200.0
Southern Tanner crab - Bering Sea,Bering Sea,2013,2013.0,59350.0,mt,AlaskaEco,59350.0
Southern Tanner crab - Bering Sea,Bering Sea,2014,2013.0,87500.0,metric tons,AlaskaEco,87500.0
Southern Tanner crab - Bering Sea,Bering Sea,2015,2014.0,71567.0,metric tons,AlaskaEco,71567.0
Southern Tanner crab - Bering Sea,Bering Sea,2016,2016.0,53700.0,metric tons,AlaskaEco,53700.0
Southern Tanner crab - Bering Sea,Bering Sea,2017,2017.0,43310.0,metric tons,AlaskaEco,43310.0
Southern Tanner crab - Bering Sea,Bering Sea,2018,2018.0,23.530000686645508,Thousand Metric Tons,AlaskaEco,23530.000686645508
Southern Tanner crab - Bering Sea,Bering Sea,2019,2019.0,39.54999923706055,Thousand Metric Tons,AlaskaEco,39549.99923706055
Southern Tanner crab - Bering Sea,Bering Sea,2020,2020.0,35.310001373291016,Thousand Metric Tons,AlaskaEco,35310.001373291016
Southern Tanner crab - Bering Sea,Bering Sea,2021,2021.0,42.56999969482422,Thousand Metric Tons,AlaskaEco,42569.99969482422
Southern Tanner crab - Bering Sea,Bering Sea,2022,2022.0,47.58000183105469,Thousand Metric Tons,AlaskaEco,47580.00183105469
Southern Tanner crab - Bering Sea,Bering Sea,2023,2023.0,74.16999816894531,Thousand Metric Tons,AlaskaEco,74169.99816894531
Alaska plaice - Bering Sea / Aleutian Islands,Bering Sea / Aleutian Islands,2013,2013.0,260557.0,Metric Tons,AlaskaEco,260557.0
Alaska plaice - Bering Sea / Aleutian Islands,Bering Sea / Aleutian Islands,2014,2014.0,222922.0,Metric Tons,AlaskaEco,222922.0
Alaska plaice - Bering Sea / Aleutian Islands,Bering Sea / Aleutian Islands,2015,2015.0,215300.0,Metric Tons,AlaskaEco,215300.0
Alaska plaice - Bering Sea / Aleutian Islands,Bering Sea / Aleutian Islands,2016,2016.0,196345.0,Metric Tons,AlaskaEco,196345.0
Alaska plaice - Bering Sea / Aleutian Islands,Bering Sea / Aleutian Islands,2017,2017.0,204132.0,Metric Tons,AlaskaEco,204132.0
Alaska plaice - Bering Sea / Aleutian Islands,Bering Sea / Aleutian Islands,2018,2017.0,204132.0,Metric Tons,AlaskaEco,204132.0
Alaska plaice - Bering Sea / Aleutian Islands,Bering Sea / Aleutian Islands,2019,2019.0,179279.0,Metric Tons,AlaskaEco,179279.0
Alaska plaice - Bering Sea / Aleutian Islands,Bering Sea / Aleutian Islands,2020,2019.0,179279.0,Metric Tons,AlaskaEco,179279.0
Alaska plaice - Bering Sea / Aleutian Islands,Bering Sea / Aleutian Islands,2021,2021.0,158325.0,Metric Tons,AlaskaEco,158325.0
Alaska plaice - Bering Sea / Aleutian Islands,Bering Sea / Aleutian Islands,2022,2021.0,158325.0,Metric Tons,AlaskaEco,158325.0
Alaska plaice - Bering Sea / Aleutian Islands,Bering Sea / Aleutian Islands,2023,2021.0,158325.0,Metric Tons,AlaskaEco,158325.0
Alaska skate - Bering Sea / Aleutian Islands,Bering Sea / Aleutian Islands,2013,2013.0,194289.0,Metric Tons,AlaskaEco,194289.0
Alaska skate - Bering Sea / Aleutian Islands,Bering Sea / Aleutian Islands,2014,2014.0,134942.0,Metric Tons,AlaskaEco,134942.0
Alaska skate - Bering Sea / Aleutian Islands,Bering Sea / Aleutian Islands,2015,2015.0,115378.0,Metric Tons,AlaskaEco,115378.0
Alaska skate - Bering Sea / Aleutian Islands,Bering Sea / Aleutian Islands,2016,2016.0,125506.0,Metric Tons,AlaskaEco,125506.0
Alaska skate - Bering Sea / Aleutian Islands,Bering Sea / Aleutian Islands,2017,2016.0,125506.0,Metric Tons,AlaskaEco,125506.0
Alaska skate - Bering Sea / Aleutian Islands,Bering Sea / Aleutian Islands,2018,2018.0,134418.0,Metric Tons,AlaskaEco,134418.0
Alaska skate - Bering Sea / Aleutian Islands,Bering Sea / Aleutian Islands,2019,2018.0,134418.0,Metric Tons,AlaskaEco,134418.0
Alaska skate - Bering Sea / Aleutian Islands,Bering Sea / Aleutian Islands,2020,2020.0,142134.0,Metric Tons,AlaskaEco,142134.0
Alaska skate - Bering Sea / Aleutian Islands,Bering Sea / Aleutian Islands,2021,2020.0,142134.0,Metric Tons,AlaskaEco,142134.0
Alaska skate - Bering Sea / Aleutian Islands,Bering Sea / Aleutian Islands,2022,2020.0,142134.0,Metric Tons,AlaskaEco,142134.0
Alaska skate - Bering Sea / Aleutian Islands,Bering Sea / Aleutian Islands,2023,2023.0,124969.0,Metric Tons,AlaskaEco,124969.0
Arrowtooth flounder - Bering Sea / Aleutian Islands,Bering Sea / Aleutian Islands,2013,2013.0,615997.0,Metric Tons,AlaskaEco,615997.0
Arrowtooth flounder - Bering Sea / Aleutian Islands,Bering Sea / Aleutian Islands,2014,2014.0,527622.0,Metric Tons,AlaskaEco,527622.0
Arrowtooth flounder - Bering Sea / Aleutian Islands,Bering Sea / Aleutian Islands,2015,2015.0,533731.0,Metric Tons,AlaskaEco,533731.0
Arrowtooth flounder - Bering Sea / Aleutian Islands,Bering Sea / Aleutian Islands,2016,2016.0,495189.0,Metric Tons,AlaskaEco,495189.0
Arrowtooth flounder - Bering Sea / Aleutian Islands,Bering Sea / Aleutian Islands,2017,2017.0,490663.0,Metric Tons,AlaskaEco,490663.0
Arrowtooth flounder - Bering Sea / Aleutian Islands,Bering Sea / Aleutian Islands,2018,2018.0,497583.0,Metric Tons,AlaskaEco,497583.0
Arrowtooth flounder - Bering Sea / Aleutian Islands,Bering Sea / Aleutian Islands,2019,2019.0,482174.0,Metric Tons,AlaskaEco,482174.0
Arrowtooth flounder - Bering Sea / Aleutian Islands,Bering Sea / Aleutian Islands,2020,2020.0,503360.0,Metric Tons,AlaskaEco,503360.0
Arrowtooth flounder - Bering Sea / Aleutian Islands,Bering Sea / Aleutian Islands,2021,2020.0,503360.0,Metric Tons,AlaskaEco,503360.0
Arrowtooth flounder - Bering Sea / Aleutian Islands,Bering Sea / Aleutian Islands,2022,2022.0,507275.0,Metric Tons,AlaskaEco,507275.0
Arrowtooth flounder - Bering Sea / Aleutian Islands,Bering Sea / Aleutian Islands,2023,2022.0,507275.0,Metric Tons,AlaskaEco,507275.0
Atka mackerel - Bering Sea / Aleutian Islands,Bering Sea / Aleutian Islands,2013,2013.0,118446.0,Metric Tons,AlaskaEco,118446.0
Atka mackerel - Bering Sea / Aleutian Islands,Bering Sea / Aleutian Islands,2014,2014.0,176036.0,Metric Tons,AlaskaEco,176036.0
Atka mackerel - Bering Sea / Aleutian Islands,Bering Sea / Aleutian Islands,2015,2015.0,177285.0,Metric Tons,AlaskaEco,177285.0
Atka mackerel - Bering Sea / Aleutian Islands,Bering Sea / Aleutian Islands,2016,2016.0,154396.0,Metric Tons,AlaskaEco,154396.0
Atka mackerel - Bering Sea / Aleutian Islands,Bering Sea / Aleutian Islands,2017,2017.0,159027.0,Metric Tons,AlaskaEco,159027.0
Atka mackerel - Bering Sea / Aleutian Islands,Bering Sea / Aleutian Islands,2018,2018.0,123188.0,Metric Tons,AlaskaEco,123188.0
Atka mackerel - Bering Sea / Aleutian Islands,Bering Sea / Aleutian Islands,2019,2019.0,117470.0,Metric Tons,AlaskaEco,117470.0
Atka mackerel - Bering Sea / Aleutian Islands,Bering Sea / Aleutian Islands,2020,2020.0,114052.0,Metric Tons,AlaskaEco,114052.0
Atka mackerel - Bering Sea / Aleutian Islands,Bering Sea / Aleutian Islands,2021,2021.0,113529.0,Metric Tons,AlaskaEco,113529.0
Atka mackerel - Bering Sea / Aleutian Islands,Bering Sea / Aleutian Islands,2022,2022.0,137720.0,Metric Tons,AlaskaEco,137720.0
Atka mackerel - Bering Sea / Aleutian Islands,Bering Sea / Aleutian Islands,2023,2022.0,137720.0,Metric Tons,AlaskaEco,137720.0
Bering Sea / Aleutian Islands Blackspotted and Rougheye Rockfish Complex,,2016,2016.0,6543.0,Metric Tons,AlaskaEco,6543.0
Bering Sea / Aleutian Islands Blackspotted and Rougheye Rockfish Complex,,2017,2016.0,6543.0,Metric Tons,AlaskaEco,6543.0
Bering Sea / Aleutian Islands Blackspotted and Rougheye Rockfish Complex,,2018,2018.0,4513.0,Metric Tons,AlaskaEco,4513.0
Bering Sea / Aleutian Islands Blackspotted and Rougheye Rockfish Complex,,2020,2020.0,3337.0,Metric Tons,AlaskaEco,3337.0
Bering Sea / Aleutian Islands Blackspotted and Rougheye Rockfish Complex,,2021,2020.0,3337.0,Metric Tons,AlaskaEco,3337.0
Bering Sea / Aleutian Islands Blackspotted and Rougheye Rockfish Complex,,2022,2022.0,3335.0,Metric Tons,AlaskaEco,3335.0
Bering Sea / Aleutian Islands Blackspotted and Rougheye Rockfish Complex,,2023,2022.0,3335.0,Metric Tons,AlaskaEco,3335.0
Bering Sea / Aleutian Islands Other Flatfish Complex,,2013,2013.0,107500.0,Metric Tons,AlaskaEco,107500.0
Bering Sea / Aleutian Islands Other Flatfish Complex,,2014,2014.0,142961.0,Metric Tons,AlaskaEco,142961.0
Bering Sea / Aleutian Islands Other Flatfish Complex,,2015,2015.0,112104.0,Metric Tons,AlaskaEco,112104.0
Bering Sea / Aleutian Islands Other Flatfish Complex,,2016,2016.0,113450.0,Metric Tons,AlaskaEco,113450.0
Bering Sea / Aleutian Islands Other Flatfish Complex,,2018,2018.0,141325.0,Metric Tons,AlaskaEco,141325.0
Bering Sea / Aleutian Islands Other Flatfish Complex,,2020,2020.0,146679.0,Metric Tons,AlaskaEco,146679.0
Bering Sea / Aleutian Islands Other Rockfish Complex,,2013,2014.0,47705.0,Metric Tons,AlaskaEco,47705.0
Bering Sea / Aleutian Islands Other Rockfish Complex,,2014,2015.0,49630.0,Metric Tons,AlaskaEco,49630.0
Bering Sea / Aleutian Islands Other Rockfish Complex,,2015,2015.0,49630.0,Metric Tons,AlaskaEco,49630.0
Bering Sea / Aleutian Islands Other Rockfish Complex,,2016,2016.0,55312.0,Metric Tons,AlaskaEco,55312.0
Bering Sea / Aleutian Islands Other Rockfish Complex,,2018,2019.0,53290.0,Metric Tons,AlaskaEco,53290.0
Bering Sea / Aleutian Islands Other Rockfish Complex,,2020,2020.0,53248.0,Metric Tons,AlaskaEco,53248.0
Bering Sea / Aleutian Islands Other Rockfish Complex,,2022,2022.0,52733.0,Metric Tons,AlaskaEco,52733.0
Bering Sea / Aleutian Islands Other Skates Complex,,2013,2012.0,94684.0,Metric Tons,AlaskaEco,94684.0
Bering Sea / Aleutian Islands Other Skates Complex,,2014,2014.0,96923.0,Metric Tons,AlaskaEco,96923.0
Bering Sea / Aleutian Islands Other Skates Complex,,2015,2015.0,103682.0,Metric Tons,AlaskaEco,103682.0
Bering Sea / Aleutian Islands Other Skates Complex,,2016,2016.0,100130.0,Metric Tons,AlaskaEco,100130.0
Bering Sea / Aleutian Islands Other Skates Complex,,2017,2016.0,100130.0,Metric Tons,AlaskaEco,100130.0
Bering Sea / Aleutian Islands Other Skates Complex,,2018,2018.0,119787.0,Metric Tons,AlaskaEco,119787.0
Bering Sea / Aleutian Islands Other Skates Complex,,2019,2018.0,119787.0,Metric Tons,AlaskaEco,119787.0
Bering Sea / Aleutian Islands Other Skates Complex,,2020,2020.0,107174.0,Metric Tons,AlaskaEco,107174.0
Bering Sea / Aleutian Islands Other Skates Complex,,2021,2020.0,107174.0,Metric Tons,AlaskaEco,107174.0
Bering Sea / Aleutian Islands Other Skates Complex,,2022,2020.0,107174.0,Metric Tons,AlaskaEco,107174.0
Bering Sea / Aleutian Islands Other Skates Complex,,2023,2023.0,131446.0,Metric Tons,AlaskaEco,131446.0
Bering Sea / Aleutian Islands Sculpin Complex,,2013,2013.0,215713.0,Metric Tons,AlaskaEco,215713.0
Bering Sea / Aleutian Islands Sculpin Complex,,2014,2015.0,194783.0,Metric Tons,AlaskaEco,194783.0
Bering Sea / Aleutian Islands Sculpin Complex,,2015,2015.0,180570.0,Metric Tons,AlaskaEco,180570.0
Bering Sea / Aleutian Islands Sculpin Complex,,2016,2016.0,199937.0,Metric Tons,AlaskaEco,199937.0
Bering Sea / Aleutian Islands Sculpin Complex,,2019,2019.0,171760.0,Metric Tons,AlaskaEco,171760.0
Bering Sea / Aleutian Islands Sculpin Complex,,2023,2023.0,139087.0,Metric Tons,AlaskaEco,139087.0
Eastern Bering Sea Blackspotted and Rougheye Rockfish Complex,Eastern Bering Sea,2013,2012.0,1389.0,Metric Tons,AlaskaEco,1389.0
Eastern Bering Sea Blackspotted and Rougheye Rockfish Complex,Eastern Bering Sea,2014,2014.0,1339.0,Metric Tons,AlaskaEco,1339.0
Eastern Bering Sea Blackspotted and Rougheye Rockfish Complex,Eastern Bering Sea,2015,2014.0,1339.0,Metric Tons,AlaskaEco,1339.0
Eastern Bering Sea Blackspotted and Rougheye Rockfish Complex,Eastern Bering Sea,2020,2020.0,1371.0,Metric Tons,AlaskaEco,1371.0
Eastern Bering Sea Blackspotted and Rougheye Rockfish Complex,Eastern Bering Sea,2021,2020.0,1371.0,Metric Tons,AlaskaEco,1371.0
Eastern Bering Sea Blackspotted and Rougheye Rockfish Complex,Eastern Bering Sea,2022,2022.0,1544.0,Metric Tons,AlaskaEco,1544.0
Flathead sole - Bering Sea / Aleutian Islands,Bering Sea / Aleutian Islands,2013,2013.0,245175.0,Metric Tons,AlaskaEco,245175.0
Flathead sole - Bering Sea / Aleutian Islands,Bering Sea / Aleutian Islands,2014,2014.0,249983.0,Metric Tons,AlaskaEco,249983.0
Flathead sole - Bering Sea / Aleutian Islands,Bering Sea / Aleutian Islands,2015,2015.0,240427.0,Metric Tons,AlaskaEco,240427.0
Flathead sole - Bering Sea / Aleutian Islands,Bering Sea / Aleutian Islands,2016,2016.0,234293.0,Metric Tons,AlaskaEco,234293.0
Flathead sole - Bering Sea / Aleutian Islands,Bering Sea / Aleutian Islands,2018,2018.0,154356.0,Metric Tons,AlaskaEco,154356.0
Flathead sole - Bering Sea / Aleutian Islands,Bering Sea / Aleutian Islands,2019,2018.0,154356.0,Metric Tons,AlaskaEco,154356.0
Flathead sole - Bering Sea / Aleutian Islands,Bering Sea / Aleutian Islands,2020,2020.0,148077.0,Metric Tons,AlaskaEco,148077.0
Flathead sole - Bering Sea / Aleutian Islands,Bering Sea / Aleutian Islands,2021,2020.0,148077.0,Metric Tons,AlaskaEco,148077.0
Flathead sole - Bering Sea / Aleutian Islands,Bering Sea / Aleutian Islands,2022,2020.0,148077.0,Metric Tons,AlaskaEco,148077.0
Flathead sole - Bering Sea / Aleutian Islands,Bering Sea / Aleutian Islands,2023,2020.0,148077.0,Metric Tons,AlaskaEco,148077.0
Greenland halibut - Bering Sea / Aleutian Islands,Bering Sea / Aleutian Islands,2013,2013.0,20006.0,Metric Tons,AlaskaEco,20006.0
Greenland halibut - Bering Sea / Aleutian Islands,Bering Sea / Aleutian Islands,2014,2014.0,26342.0,Metric Tons,AlaskaEco,26342.0
Greenland halibut - Bering Sea / Aleutian Islands,Bering Sea / Aleutian Islands,2015,2015.0,23041.0,Metric Tons,AlaskaEco,23041.0
Greenland halibut - Bering Sea / Aleutian Islands,Bering Sea / Aleutian Islands,2016,2016.0,41405.0,Metric Tons,AlaskaEco,41405.0
Greenland halibut - Bering Sea / Aleutian Islands,Bering Sea / Aleutian Islands,2018,2018.0,50465.0,Metric Tons,AlaskaEco,50465.0
Greenland halibut - Bering Sea / Aleutian Islands,Bering Sea / Aleutian Islands,2019,2018.0,50465.0,Metric Tons,AlaskaEco,50465.0
Greenland halibut - Bering Sea / Aleutian Islands,Bering Sea / Aleutian Islands,2020,2020.0,52902.0,Metric Tons,AlaskaEco,52902.0
Greenland halibut - Bering Sea / Aleutian Islands,Bering Sea / Aleutian Islands,2021,2020.0,52902.0,Metric Tons,AlaskaEco,52902.0
Greenland halibut - Bering Sea / Aleutian Islands,Bering Sea / Aleutian Islands,2022,2022.0,35257.1015625,Metric Tons,AlaskaEco,35257.1015625
Greenland halibut - Bering Sea / Aleutian Islands,Bering Sea / Aleutian Islands,2023,2022.0,35257.1015625,Metric Tons,AlaskaEco,35257.1015625
Kamchatka flounder - Bering Sea / Aleutian Islands,Bering Sea / Aleutian Islands,2013,2013.0,50520.0,Metric Tons,AlaskaEco,50520.0
Kamchatka flounder - Bering Sea / Aleutian Islands,Bering Sea / Aleutian Islands,2014,2014.0,59990.0,Metric Tons,AlaskaEco,59990.0
Kamchatka flounder - Bering Sea / Aleutian Islands,Bering Sea / Aleutian Islands,2015,2016.0,61700.0,Metric Tons,AlaskaEco,61700.0
Kamchatka flounder - Bering Sea / Aleutian Islands,Bering Sea / Aleutian Islands,2016,2016.0,59345.0,Metric Tons,AlaskaEco,59345.0
Kamchatka flounder - Bering Sea / Aleutian Islands,Bering Sea / Aleutian Islands,2017,2017.0,63718.0,Metric Tons,AlaskaEco,63718.0
Kamchatka flounder - Bering Sea / Aleutian Islands,Bering Sea / Aleutian Islands,2018,2018.0,52843.0,Metric Tons,AlaskaEco,52843.0
Kamchatka flounder - Bering Sea / Aleutian Islands,Bering Sea / Aleutian Islands,2019,2018.0,52843.0,Metric Tons,AlaskaEco,52843.0
Kamchatka flounder - Bering Sea / Aleutian Islands,Bering Sea / Aleutian Islands,2020,2020.0,54191.0,Metric Tons,AlaskaEco,54191.0
Kamchatka flounder - Bering Sea / Aleutian Islands,Bering Sea / Aleutian Islands,2021,2020.0,54191.0,Metric Tons,AlaskaEco,54191.0
Kamchatka flounder - Bering Sea / Aleutian Islands,Bering Sea / Aleutian Islands,2022,2022.0,49685.69921875,Metric Tons,AlaskaEco,49685.69921875
Kamchatka flounder - Bering Sea / Aleutian Islands,Bering Sea / Aleutian Islands,2023,2022.0,49685.69921875,Metric Tons,AlaskaEco,49685.69921875
Northern rock sole - Bering Sea / Aleutian Islands,Bering Sea / Aleutian Islands,2013,2014.0,713200.0,Metric Tons,AlaskaEco,713200.0
Northern rock sole - Bering Sea / Aleutian Islands,Bering Sea / Aleutian Islands,2014,2014.0,632502.0,Metric Tons,AlaskaEco,632502.0
Northern rock sole - Bering Sea / Aleutian Islands,Bering Sea / Aleutian Islands,2015,2015.0,611242.0,Metric Tons,AlaskaEco,611242.0
Northern rock sole - Bering Sea / Aleutian Islands,Bering Sea / Aleutian Islands,2016,2016.0,592085.0,Metric Tons,AlaskaEco,592085.0
Northern rock sole - Bering Sea / Aleutian Islands,Bering Sea / Aleutian Islands,2017,2017.0,539500.0,Metric Tons,AlaskaEco,539500.0
Northern rock sole - Bering Sea / Aleutian Islands,Bering Sea / Aleutian Islands,2018,2018.0,458572.0,Metric Tons,AlaskaEco,458572.0
Northern rock sole - Bering Sea / Aleutian Islands,Bering Sea / Aleutian Islands,2019,2018.0,458572.0,Metric Tons,AlaskaEco,458572.0
Northern rock sole - Bering Sea / Aleutian Islands,Bering Sea / Aleutian Islands,2020,2020.0,314380.0,Metric Tons,AlaskaEco,314380.0
Northern rock sole - Bering Sea / Aleutian Islands,Bering Sea / Aleutian Islands,2021,2020.0,314380.0,Metric Tons,AlaskaEco,314380.0
Northern rock sole - Bering Sea / Aleutian Islands,Bering Sea / Aleutian Islands,2022,2022.0,250.33599853515625,Thousand Metric Tons,AlaskaEco,250335.99853515625
Northern rock sole - Bering Sea / Aleutian Islands,Bering Sea / Aleutian Islands,2023,2022.0,250.33599853515625,Thousand Metric Tons,AlaskaEco,250335.99853515625
Northern rockfish - Bering Sea / Aleutian Islands,Bering Sea / Aleutian Islands,2013,2013.0,84697.0,mt,AlaskaEco,84697.0
Northern rockfish - Bering Sea / Aleutian Islands,Bering Sea / Aleutian Islands,2014,2014.0,97785.0,metric tons,AlaskaEco,97785.0
Northern rockfish - Bering Sea / Aleutian Islands,Bering Sea / Aleutian Islands,2015,2015.0,95565.0,metric tons,AlaskaEco,95565.0
Northern rockfish - Bering Sea / Aleutian Islands,Bering Sea / Aleutian Islands,2016,2016.0,110592.0,metric tons,AlaskaEco,110592.0
Northern rockfish - Bering Sea / Aleutian Islands,Bering Sea / Aleutian Islands,2019,2019.0,115667.0,Metric Tons,AlaskaEco,115667.0
Northern rockfish - Bering Sea / Aleutian Islands,Bering Sea / Aleutian Islands,2020,2019.0,115667.0,Metric Tons,AlaskaEco,115667.0
Northern rockfish - Bering Sea / Aleutian Islands,Bering Sea / Aleutian Islands,2021,2021.0,125932.0,Metric Tons,AlaskaEco,125932.0
Northern rockfish - Bering Sea / Aleutian Islands,Bering Sea / Aleutian Islands,2022,2021.0,125932.0,Metric Tons,AlaskaEco,125932.0
Northern rockfish - Bering Sea / Aleutian Islands,Bering Sea / Aleutian Islands,2023,2023.0,132760.0,Metric Tons,AlaskaEco,132760.0
Pacific cod - Aleutian Islands,Aleutian Islands,2013,2012.0,59031.0,Metric Tons,AlaskaEco,59031.0
Pacific cod - Aleutian Islands,Aleutian Islands,2014,2014.0,68880.0,Metric Tons,AlaskaEco,68880.0
Pacific cod - Aleutian Islands,Aleutian Islands,2015,2015.0,68900.0,Metric Tons,AlaskaEco,68900.0
Pacific cod - Aleutian Islands,Aleutian Islands,2016,2016.0,79553.0,Metric Tons,AlaskaEco,79553.0
Pacific cod - Aleutian Islands,Aleutian Islands,2017,2017.0,79553.0,Metric Tons,AlaskaEco,79553.0
Pacific cod - Aleutian Islands,Aleutian Islands,2018,2018.0,80696.0,Metric Tons,AlaskaEco,80696.0
Pacific cod - Aleutian Islands,Aleutian Islands,2019,2018.0,80696.0,Metric Tons,AlaskaEco,80696.0
Pacific cod - Aleutian Islands,Aleutian Islands,2020,2018.0,80694.0,Metric Tons,AlaskaEco,80694.0
Pacific cod - Aleutian Islands,Aleutian Islands,2021,2018.0,80694.0,Metric Tons,AlaskaEco,80694.0
Pacific cod - Aleutian Islands,Aleutian Islands,2022,2022.0,54166.0,Metric Tons,AlaskaEco,54166.0
Pacific cod - Aleutian Islands,Aleutian Islands,2023,2023.0,54166.0,Metric Tons,AlaskaEco,54166.0
Pacific cod - Bering Sea,Bering Sea,2013,2013.0,316266.0,Metric Tons,AlaskaEco,316266.0
Pacific cod - Bering Sea,Bering Sea,2014,2014.0,364504.0,Metric Tons,AlaskaEco,364504.0
Pacific cod - Bering Sea,Bering Sea,2015,2015.0,401573.0,Metric Tons,AlaskaEco,401573.0
Pacific cod - Bering Sea,Bering Sea,2016,2016.0,337455.0,Metric Tons,AlaskaEco,337455.0
Pacific cod - Bering Sea,Bering Sea,2017,2017.0,240537.0,Metric Tons,AlaskaEco,240537.0
Pacific cod - Bering Sea,Bering Sea,2018,2018.0,303676.0,Metric Tons,AlaskaEco,303676.0
Pacific cod - Bering Sea,Bering Sea,2019,2019.0,305678.0,Metric Tons,AlaskaEco,305678.0
Pacific cod - Bering Sea,Bering Sea,2020,2020.0,270954.0,Metric Tons,AlaskaEco,270954.0
Pacific cod - Bering Sea,Bering Sea,2021,2021.0,254718.0,Metric Tons,AlaskaEco,254718.0
Pacific cod - Bering Sea,Bering Sea,2022,2022.0,250143.6875,Metric Tons,AlaskaEco,250143.6875
Pacific cod - Bering Sea,Bering Sea,2023,2023.0,213565.0,Metric Tons,AlaskaEco,213565.0
Pacific ocean perch - Bering Sea / Aleutian Islands,Bering Sea / Aleutian Islands,2013,2013.0,273683.0,Metric Tons,AlaskaEco,273683.0
Pacific ocean perch - Bering Sea / Aleutian Islands,Bering Sea / Aleutian Islands,2014,2014.0,246104.0,Metric Tons,AlaskaEco,246104.0
Pacific ocean perch - Bering Sea / Aleutian Islands,Bering Sea / Aleutian Islands,2015,2015.0,234222.0,Metric Tons,AlaskaEco,234222.0
Pacific ocean perch - Bering Sea / Aleutian Islands,Bering Sea / Aleutian Islands,2016,2016.0,323395.0,Metric Tons,AlaskaEco,323395.0
Pacific ocean perch - Bering Sea / Aleutian Islands,Bering Sea / Aleutian Islands,2017,2017.0,315728.0,Metric Tons,AlaskaEco,315728.0
Pacific ocean perch - Bering Sea / Aleutian Islands,Bering Sea / Aleutian Islands,2018,2018.0,408484.0,Metric Tons,AlaskaEco,408484.0
Pacific ocean perch - Bering Sea / Aleutian Islands,Bering Sea / Aleutian Islands,2019,2018.0,408484.0,Metric Tons,AlaskaEco,408484.0
Pacific ocean perch - Bering Sea / Aleutian Islands,Bering Sea / Aleutian Islands,2020,2020.0,324062.0,Metric Tons,AlaskaEco,324062.0
Pacific ocean perch - Bering Sea / Aleutian Islands,Bering Sea / Aleutian Islands,2021,2020.0,324062.0,Metric Tons,AlaskaEco,324062.0
Pacific ocean perch - Bering Sea / Aleutian Islands,Bering Sea / Aleutian Islands,2022,2022.0,365392.0,Metric Tons,AlaskaEco,365392.0
Pacific ocean perch - Bering Sea / Aleutian Islands,Bering Sea / Aleutian Islands,2023,2022.0,365392.0,Metric Tons,AlaskaEco,365392.0
Shortraker rockfish - Bering Sea / Aleutian Islands,Bering Sea / Aleutian Islands,2013,2013.0,16447.0,Metric Tons,AlaskaEco,16447.0
Shortraker rockfish - Bering Sea / Aleutian Islands,Bering Sea / Aleutian Islands,2014,2014.0,23009.0,Metric Tons,AlaskaEco,23009.0
Shortraker rockfish - Bering Sea / Aleutian Islands,Bering Sea / Aleutian Islands,2015,2015.0,23009.0,Metric Tons,AlaskaEco,23009.0
Shortraker rockfish - Bering Sea / Aleutian Islands,Bering Sea / Aleutian Islands,2016,2016.0,22191.0,Metric Tons,AlaskaEco,22191.0
Shortraker rockfish - Bering Sea / Aleutian Islands,Bering Sea / Aleutian Islands,2018,2018.0,24055.0,Metric Tons,AlaskaEco,24055.0
Shortraker rockfish - Bering Sea / Aleutian Islands,Bering Sea / Aleutian Islands,2020,2020.0,24055.0,Metric Tons,AlaskaEco,24055.0
Shortraker rockfish - Bering Sea / Aleutian Islands,Bering Sea / Aleutian Islands,2022,2022.0,23547.0,Metric Tons,AlaskaEco,23547.0
Walleye pollock - Aleutian Islands,Aleutian Islands,2013,2013.0,77179.0,Metric Tons,AlaskaEco,77179.0
Walleye pollock - Aleutian Islands,Aleutian Islands,2014,2014.0,68279.0,Metric Tons,AlaskaEco,68279.0
Walleye pollock - Aleutian Islands,Aleutian Islands,2015,2015.0,70209.0,Metric Tons,AlaskaEco,70209.0
Walleye pollock - Aleutian Islands,Aleutian Islands,2016,2016.0,72520.0,Metric Tons,AlaskaEco,72520.0
Walleye pollock - Aleutian Islands,Aleutian Islands,2017,2017.0,77674.0,Metric Tons,AlaskaEco,77674.0
Walleye pollock - Aleutian Islands,Aleutian Islands,2018,2018.0,89844.0,Metric Tons,AlaskaEco,89844.0
Walleye pollock - Aleutian Islands,Aleutian Islands,2019,2018.0,89844.0,Metric Tons,AlaskaEco,89844.0
Walleye pollock - Aleutian Islands,Aleutian Islands,2020,2020.0,90106.0,Metric Tons,AlaskaEco,90106.0
Walleye pollock - Aleutian Islands,Aleutian Islands,2021,2020.0,90106.0,Metric Tons,AlaskaEco,90106.0
Walleye pollock - Aleutian Islands,Aleutian Islands,2022,2022.0,79828.0,Metric Tons,AlaskaEco,79828.0
Walleye pollock - Aleutian Islands,Aleutian Islands,2023,2022.0,79828.0,Metric Tons,AlaskaEco,79828.0
Walleye pollock - Bogoslof,Bogoslof,2013,2013.0,67063.0,Metric Tons,AlaskaEco,67063.0
Walleye pollock - Bogoslof,Bogoslof,2014,2014.0,106000.0,Metric Tons,AlaskaEco,106000.0
Walleye pollock - Bogoslof,Bogoslof,2015,2015.0,105859.0,Metric Tons,AlaskaEco,105859.0
Walleye pollock - Bogoslof,Bogoslof,2016,2016.0,434760.0,Metric Tons,AlaskaEco,434760.0
Walleye pollock - Bogoslof,Bogoslof,2018,2018.0,610276.0,Metric Tons,AlaskaEco,610276.0
Walleye pollock - Bogoslof,Bogoslof,2020,2020.0,378262.0,Metric Tons,AlaskaEco,378262.0
Walleye pollock - Bogoslof,Bogoslof,2022,2022.0,367880.0,Metric Tons,AlaskaEco,367880.0
Walleye pollock - Eastern Bering Sea,Eastern Bering Sea,2013,2013.0,2650000.0,Metric Tons,AlaskaEco,2650000.0
Walleye pollock - Eastern Bering Sea,Eastern Bering Sea,2014,2014.0,2945000.0,Metric Tons,AlaskaEco,2945000.0
Walleye pollock - Eastern Bering Sea,Eastern Bering Sea,2015,2015.0,3483000.0,Metric Tons,AlaskaEco,3483000.0
Walleye pollock - Eastern Bering Sea,Eastern Bering Sea,2016,2016.0,4067050.0,Metric Tons,AlaskaEco,4067050.0
Walleye pollock - Eastern Bering Sea,Eastern Bering Sea,2017,2017.0,3870000.0,Metric Tons,AlaskaEco,3870000.0
Walleye pollock - Eastern Bering Sea,Eastern Bering Sea,2018,2018.0,3552790.0,Metric Tons,AlaskaEco,3552790.0
Walleye pollock - Eastern Bering Sea,Eastern Bering Sea,2019,2019.0,3447570.0,Metric Tons,AlaskaEco,3447570.0
Walleye pollock - Eastern Bering Sea,Eastern Bering Sea,2020,2020.0,2961540.0,Metric Tons,AlaskaEco,2961540.0
Walleye pollock - Eastern Bering Sea,Eastern Bering Sea,2021,2021.0,1797500.0,Metric Tons,AlaskaEco,1797500.0
Walleye pollock - Eastern Bering Sea,Eastern Bering Sea,2022,2022.0,3948.4599609375,Thousand Metric Tons,AlaskaEco,3948459.9609375
Walleye pollock - Eastern Bering Sea,Eastern Bering Sea,2023,2023.0,3692.0,Thousand Metric Tons,AlaskaEco,3692000.0
Yellowfin sole - Bering Sea / Aleutian Islands,Bering Sea / Aleutian Islands,2013,2013.0,576652.0,Metric Tons,AlaskaEco,576652.0
Yellowfin sole - Bering Sea / Aleutian Islands,Bering Sea / Aleutian Islands,2014,2014.0,636935.0,Metric Tons,AlaskaEco,636935.0
Yellowfin sole - Bering Sea / Aleutian Islands,Bering Sea / Aleutian Islands,2015,2015.0,697207.0,Metric Tons,AlaskaEco,697207.0
Yellowfin sole - Bering Sea / Aleutian Islands,Bering Sea / Aleutian Islands,2016,2016.0,775148.0,Metric Tons,AlaskaEco,775148.0
Yellowfin sole - Bering Sea / Aleutian Islands,Bering Sea / Aleutian Islands,2017,2017.0,884750.0,Metric Tons,AlaskaEco,884750.0
Yellowfin sole - Bering Sea / Aleutian Islands,Bering Sea / Aleutian Islands,2018,2018.0,854807.0,Metric Tons,AlaskaEco,854807.0
Yellowfin sole - Bering Sea / Aleutian Islands,Bering Sea / Aleutian Islands,2019,2019.0,867221.0,Metric Tons,AlaskaEco,867221.0
Yellowfin sole - Bering Sea / Aleutian Islands,Bering Sea / Aleutian Islands,2020,2020.0,1086650.0,Metric Tons,AlaskaEco,1086650.0
Yellowfin sole - Bering Sea / Aleutian Islands,Bering Sea / Aleutian Islands,2021,2021.0,941735.0,Metric Tons,AlaskaEco,941735.0
Yellowfin sole - Bering Sea / Aleutian Islands,Bering Sea / Aleutian Islands,2022,2022.0,923828.0,Metric Tons,AlaskaEco,923828.0
Yellowfin sole - Bering Sea / Aleutian Islands,Bering Sea / Aleutian Islands,2023,2023.0,916.7069702148438,Thousand Metric Tons,AlaskaEco,916706.9702148438
Sablefish - Eastern Bering Sea / Aleutian Islands / Gulf of Alaska,Eastern Bering Sea / Aleutian Islands / Gulf of Alaska,2013,2013.0,93000.0,Metric Tons,AlaskaEco,93000.0
Sablefish - Eastern Bering Sea / Aleutian Islands / Gulf of Alaska,Eastern Bering Sea / Aleutian Islands / Gulf of Alaska,2014,2014.0,94946.0,Metric Tons,AlaskaEco,94946.0
Sablefish - Eastern Bering Sea / Aleutian Islands / Gulf of Alaska,Eastern Bering Sea / Aleutian Islands / Gulf of Alaska,2015,2015.0,89957.0,Metric Tons,AlaskaEco,89957.0
Sablefish - Eastern Bering Sea / Aleutian Islands / Gulf of Alaska,Eastern Bering Sea / Aleutian Islands / Gulf of Alaska,2016,2016.0,94099.0,Metric Tons,AlaskaEco,94099.0
Sablefish - Eastern Bering Sea / Aleutian Islands / Gulf of Alaska,Eastern Bering Sea / Aleutian Islands / Gulf of Alaska,2017,2017.0,81000.0,Metric Tons,AlaskaEco,81000.0
Sablefish - Eastern Bering Sea / Aleutian Islands / Gulf of Alaska,Eastern Bering Sea / Aleutian Islands / Gulf of Alaska,2018,2018.0,78600.0,Metric Tons,AlaskaEco,78600.0
Sablefish - Eastern Bering Sea / Aleutian Islands / Gulf of Alaska,Eastern Bering Sea / Aleutian Islands / Gulf of Alaska,2019,2019.0,86000.0,Metric Tons,AlaskaEco,86000.0
Sablefish - Eastern Bering Sea / Aleutian Islands / Gulf of Alaska,Eastern Bering Sea / Aleutian Islands / Gulf of Alaska,2020,2020.0,94435.0,Metric Tons,AlaskaEco,94435.0
Sablefish - Eastern Bering Sea / Aleutian Islands / Gulf of Alaska,Eastern Bering Sea / Aleutian Islands / Gulf of Alaska,2021,2021.0,107469.0,Metric Tons,AlaskaEco,107469.0
Sablefish - Eastern Bering Sea / Aleutian Islands / Gulf of Alaska,Eastern Bering Sea / Aleutian Islands / Gulf of Alaska,2022,2022.0,133.79100036621094,Thousand Metric Tons,AlaskaEco,133791.00036621094
Sablefish - Eastern Bering Sea / Aleutian Islands / Gulf of Alaska,Eastern Bering Sea / Aleutian Islands / Gulf of Alaska,2023,2023.0,156.64999389648438,Thousand Metric Tons,AlaskaEco,156649.99389648438
Arrowtooth flounder - Gulf of Alaska,Gulf of Alaska,2013,2013.0,1200320.0,Metric Tons,AlaskaEco,1200320.0
Arrowtooth flounder - Gulf of Alaska,Gulf of Alaska,2014,2014.0,1205440.0,Metric Tons,AlaskaEco,1205440.0
Arrowtooth flounder - Gulf of Alaska,Gulf of Alaska,2015,2015.0,1133010.0,Metric Tons,AlaskaEco,1133010.0
Arrowtooth flounder - Gulf of Alaska,Gulf of Alaska,2016,2016.0,1174400.0,Metric Tons,AlaskaEco,1174400.0
Arrowtooth flounder - Gulf of Alaska,Gulf of Alaska,2018,2017.0,923548.0,Metric Tons,AlaskaEco,923548.0
Arrowtooth flounder - Gulf of Alaska,Gulf of Alaska,2019,2019.0,794350.0,Metric Tons,AlaskaEco,794350.0
Arrowtooth flounder - Gulf of Alaska,Gulf of Alaska,2020,2019.0,794350.0,Metric Tons,AlaskaEco,794350.0
Arrowtooth flounder - Gulf of Alaska,Gulf of Alaska,2021,2021.0,730753.0,Metric Tons,AlaskaEco,730753.0
Arrowtooth flounder - Gulf of Alaska,Gulf of Alaska,2022,2021.0,730753.0,Metric Tons,AlaskaEco,730753.0
Arrowtooth flounder - Gulf of Alaska,Gulf of Alaska,2023,2021.0,730753.0,Metric Tons,AlaskaEco,730753.0
Big skate - Gulf of Alaska,Gulf of Alaska,2013,2013.0,50155.0,Metric Tons,AlaskaEco,50155.0
Big skate - Gulf of Alaska,Gulf of Alaska,2014,2014.0,43540.0,Metric Tons,AlaskaEco,43540.0
Big skate - Gulf of Alaska,Gulf of Alaska,2015,2016.0,50857.0,Metric Tons,AlaskaEco,50857.0
Big skate - Gulf of Alaska,Gulf of Alaska,2016,2016.0,50857.0,Metric Tons,AlaskaEco,50857.0
Big skate - Gulf of Alaska,Gulf of Alaska,2017,2018.0,37975.0,Metric Tons,AlaskaEco,37975.0
Big skate - Gulf of Alaska,Gulf of Alaska,2019,2019.0,42779.0,Metric Tons,AlaskaEco,42779.0
Big skate - Gulf of Alaska,Gulf of Alaska,2021,2021.0,38220.0,Metric Tons,AlaskaEco,38220.0
Big skate - Gulf of Alaska,Gulf of Alaska,2023,2023.0,37804.0,Metric Tons,AlaskaEco,37804.0
Dover sole - Gulf of Alaska,Gulf of Alaska,2013,2013.0,64776.0,Metric Tons,AlaskaEco,64776.0
Dover sole - Gulf of Alaska,Gulf of Alaska,2014,2014.0,66136.0,Metric Tons,AlaskaEco,66136.0
Dover sole - Gulf of Alaska,Gulf of Alaska,2015,2015.0,48918.0,Metric Tons,AlaskaEco,48918.0
Dover sole - Gulf of Alaska,Gulf of Alaska,2016,2016.0,49180.0,Metric Tons,AlaskaEco,49180.0
Dover sole - Gulf of Alaska,Gulf of Alaska,2019,2019.0,28923.0,Metric Tons,AlaskaEco,28923.0
Dover sole - Gulf of Alaska,Gulf of Alaska,2021,2019.0,28923.0,Metric Tons,AlaskaEco,28923.0
Dover sole - Gulf of Alaska,Gulf of Alaska,2023,2023.0,25642.0,Metric Tons,AlaskaEco,25642.0
Dusky rockfish - Gulf of Alaska,Gulf of Alaska,2013,2013.0,31574.0,Metric Tons,AlaskaEco,31574.0
Dusky rockfish - Gulf of Alaska,Gulf of Alaska,2014,2014.0,29213.0,Metric Tons,AlaskaEco,29213.0
Dusky rockfish - Gulf of Alaska,Gulf of Alaska,2015,2015.0,27678.0,Metric Tons,AlaskaEco,27678.0
Dusky rockfish - Gulf of Alaska,Gulf of Alaska,2016,2016.0,25240.0,Metric Tons,AlaskaEco,25240.0
Dusky rockfish - Gulf of Alaska,Gulf of Alaska,2017,2017.0,23201.0,Metric Tons,AlaskaEco,23201.0
Dusky rockfish - Gulf of Alaska,Gulf of Alaska,2018,2018.0,21203.0,Metric Tons,AlaskaEco,21203.0
Dusky rockfish - Gulf of Alaska,Gulf of Alaska,2019,2018.0,21203.0,Metric Tons,AlaskaEco,21203.0
Dusky rockfish - Gulf of Alaska,Gulf of Alaska,2020,2020.0,38202.0,Metric Tons,AlaskaEco,38202.0
Dusky rockfish - Gulf of Alaska,Gulf of Alaska,2021,2020.0,38202.0,Metric Tons,AlaskaEco,38202.0
Dusky rockfish - Gulf of Alaska,Gulf of Alaska,2022,2022.0,45790.0,Metric Tons,AlaskaEco,45790.0
Dusky rockfish - Gulf of Alaska,Gulf of Alaska,2023,2022.0,45790.0,Metric Tons,AlaskaEco,45790.0
Flathead sole - Gulf of Alaska,Gulf of Alaska,2013,2013.0,83899.0,Metric Tons,AlaskaEco,83899.0
Flathead sole - Gulf of Alaska,Gulf of Alaska,2014,2014.0,84080.0,Metric Tons,AlaskaEco,84080.0
Flathead sole - Gulf of Alaska,Gulf of Alaska,2015,2015.0,82007.0,Metric Tons,AlaskaEco,82007.0
Flathead sole - Gulf of Alaska,Gulf of Alaska,2016,2016.0,82367.0,Metric Tons,AlaskaEco,82367.0
Flathead sole - Gulf of Alaska,Gulf of Alaska,2017,2017.0,83296.0,Metric Tons,AlaskaEco,83296.0
Flathead sole - Gulf of Alaska,Gulf of Alaska,2018,2017.0,83296.0,Metric Tons,AlaskaEco,83296.0
Flathead sole - Gulf of Alaska,Gulf of Alaska,2019,2017.0,83296.0,Metric Tons,AlaskaEco,83296.0
Flathead sole - Gulf of Alaska,Gulf of Alaska,2020,2017.0,83296.0,Metric Tons,AlaskaEco,83296.0
Flathead sole - Gulf of Alaska,Gulf of Alaska,2021,2018.0,85762.0,Metric Tons,AlaskaEco,85762.0
Flathead sole - Gulf of Alaska,Gulf of Alaska,2022,2022.0,91832.0,Metric Tons,AlaskaEco,91832.0
Flathead sole - Gulf of Alaska,Gulf of Alaska,2023,2022.0,91832.0,Metric Tons,AlaskaEco,91832.0
Giant octopus - Gulf of Alaska,Gulf of Alaska,2015,2015.0,12271.0,Metric Tons,AlaskaEco,12271.0
Giant octopus - Gulf of Alaska,Gulf of Alaska,2016,2015.0,12271.0,Metric Tons,AlaskaEco,12271.0
Gulf of Alaska Blackspotted and Rougheye Rockfish Complex,,2013,2013.0,12786.0,Metric Tons,AlaskaEco,12786.0
Gulf of Alaska Blackspotted and Rougheye Rockfish Complex,,2014,2014.0,12480.0,Metric Tons,AlaskaEco,12480.0
Gulf of Alaska Blackspotted and Rougheye Rockfish Complex,,2015,2015.0,14133.0,Metric Tons,AlaskaEco,14133.0
Gulf of Alaska Blackspotted and Rougheye Rockfish Complex,,2016,2016.0,13808.0,Metric Tons,AlaskaEco,13808.0
Gulf of Alaska Blackspotted and Rougheye Rockfish Complex,,2019,2019.0,12800.0,Metric Tons,AlaskaEco,12800.0
Gulf of Alaska Blackspotted and Rougheye Rockfish Complex,,2020,2019.0,12863.0,Metric Tons,AlaskaEco,12863.0
Gulf of Alaska Blackspotted and Rougheye Rockfish Complex,,2021,2021.0,8685.0,Metric Tons,AlaskaEco,8685.0
Gulf of Alaska Blackspotted and Rougheye Rockfish Complex,,2022,2021.0,8685.0,Metric Tons,AlaskaEco,8685.0
Gulf of Alaska Blackspotted and Rougheye Rockfish Complex,,2023,2023.0,13256.0,Metric Tons,AlaskaEco,13256.0
Gulf of Alaska Other Rockfish Complex,,2013,2014.0,83383.0,Metric Tons,AlaskaEco,83383.0
Gulf of Alaska Other Rockfish Complex,,2014,2014.0,83383.0,Metric Tons,AlaskaEco,83383.0
Gulf of Alaska Other Rockfish Complex,,2019,2019.0,59861.0,Metric Tons,AlaskaEco,59861.0
Gulf of Alaska Other Rockfish Complex,,2021,2021.0,58687.0,Metric Tons,AlaskaEco,58687.0
Gulf of Alaska Other Rockfish Complex,,2023,2023.0,70299.0,Metric Tons,AlaskaEco,70299.0
Gulf of Alaska Other Shallow Water Flatfish Complex,,2015,2015.0,89099.0,metric tons,AlaskaEco,89099.0
Gulf of Alaska Other Shallow Water Flatfish Complex,,2016,2016.0,89099.0,metric tons,AlaskaEco,89099.0
Gulf of Alaska Other Shallow Water Flatfish Complex,,2019,2019.0,102781.0,Metric Tons,AlaskaEco,102781.0
Gulf of Alaska Other Shallow Water Flatfish Complex,,2021,2021.0,98205.0,Metric Tons,AlaskaEco,98205.0
Gulf of Alaska Other Shallow Water Flatfish Complex,,2023,2021.0,98205.0,Metric Tons,AlaskaEco,98205.0
Gulf of Alaska Sculpin Complex,,2013,2013.0,33550.0,Metric Tons,AlaskaEco,33550.0
Gulf of Alaska Sculpin Complex,,2014,2014.0,33550.0,Metric Tons,AlaskaEco,33550.0
Gulf of Alaska Sculpin Complex,,2015,2015.0,34943.0,Metric Tons,AlaskaEco,34943.0
Gulf of Alaska Sculpin Complex,,2016,2016.0,34943.0,Metric Tons,AlaskaEco,34943.0
Gulf of Alaska Sculpin Complex,,2017,2017.0,32918.0,Metric Tons,AlaskaEco,32918.0
Gulf of Alaska Sculpin Complex,,2019,2019.0,33010.0,Metric Tons,AlaskaEco,33010.0
Gulf of Alaska Sculpin Complex,,2023,2023.0,25192.0,Metric Tons,AlaskaEco,25192.0
Gulf of Alaska Shallow Water Flatfish Complex,,2015,2015.0,83979.0,metric tons,AlaskaEco,83979.0
Gulf of Alaska Shallow Water Flatfish Complex,,2016,2016.0,75853.0,metric tons,AlaskaEco,75853.0
Gulf of Alaska Shark Complex,,2020,2020.0,23289.0,Metric Tons,AlaskaEco,23289.0
Gulf of Alaska Skate Complex,,2015,2015.0,119174.0,metric tons,AlaskaEco,119174.0
Gulf of Alaska Skate Complex,,2016,2016.0,119174.0,metric tons,AlaskaEco,119174.0
Gulf of Alaska Skate Complex,,2019,2019.0,11662.0,Metric Tons,AlaskaEco,11662.0
Gulf of Alaska Skate Complex,,2021,2021.0,13114.0,Metric Tons,AlaskaEco,13114.0
Gulf of Alaska Skate Complex,,2023,2023.0,8869.0,Metric Tons,AlaskaEco,8869.0
Longnose skate - Gulf of Alaska,Gulf of Alaska,2013,2014.0,38349.0,Metric Tons,AlaskaEco,38349.0
Longnose skate - Gulf of Alaska,Gulf of Alaska,2014,2015.0,42911.0,Metric Tons,AlaskaEco,42911.0
Longnose skate - Gulf of Alaska,Gulf of Alaska,2015,2016.0,42737.0,Metric Tons,AlaskaEco,42737.0
Longnose skate - Gulf of Alaska,Gulf of Alaska,2016,2016.0,42737.0,Metric Tons,AlaskaEco,42737.0
Longnose skate - Gulf of Alaska,Gulf of Alaska,2017,2017.0,47632.0,Metric Tons,AlaskaEco,47632.0
Longnose skate - Gulf of Alaska,Gulf of Alaska,2019,2019.0,34487.0,Metric Tons,AlaskaEco,34487.0
Longnose skate - Gulf of Alaska,Gulf of Alaska,2021,2021.0,36162.0,Metric Tons,AlaskaEco,36162.0
Longnose skate - Gulf of Alaska,Gulf of Alaska,2023,2023.0,33804.0,Metric Tons,AlaskaEco,33804.0
North Pacific spiny dogfish - Gulf of Alaska,Gulf of Alaska,2022,2021.0,31243.0,Metric Tons,AlaskaEco,31243.0
Northern rock sole - Central Gulf of Alaska,Central Gulf of Alaska,2021,2021.0,10526.0,Metric Tons,AlaskaEco,10526.0
Northern rock sole - Central Gulf of Alaska,Central Gulf of Alaska,2022,2021.0,10526.0,Metric Tons,AlaskaEco,10526.0
Northern rock sole - Central Gulf of Alaska,Central Gulf of Alaska,2023,2021.0,10526.0,Metric Tons,AlaskaEco,10526.0
Northern rock sole - Gulf of Alaska,Gulf of Alaska,2013,2012.0,43043.0,Metric Tons,AlaskaEco,43043.0
Northern rock sole - Gulf of Alaska,Gulf of Alaska,2014,2014.0,46119.0,Metric Tons,AlaskaEco,46119.0
Northern rock sole - Gulf of Alaska,Gulf of Alaska,2015,2015.0,39468.0,Metric Tons,AlaskaEco,39468.0
Northern rock sole - Gulf of Alaska,Gulf of Alaska,2016,2015.0,39468.0,Metric Tons,AlaskaEco,39468.0
Northern rock sole - Gulf of Alaska,Gulf of Alaska,2017,2017.0,41831.0,Metric Tons,AlaskaEco,41831.0
Northern rock sole - Gulf of Alaska,Gulf of Alaska,2018,2017.0,41831.0,Metric Tons,AlaskaEco,41831.0
Northern rock sole - Gulf of Alaska,Gulf of Alaska,2019,2017.0,41831.0,Metric Tons,AlaskaEco,41831.0
Northern rock sole - Gulf of Alaska,Gulf of Alaska,2020,2017.0,41831.0,Metric Tons,AlaskaEco,41831.0
Northern rock sole - Western Gulf of Alaska,Western Gulf of Alaska,2021,2021.0,24078.0,Metric Tons,AlaskaEco,24078.0
Northern rock sole - Western Gulf of Alaska,Western Gulf of Alaska,2022,2021.0,24078.0,Metric Tons,AlaskaEco,24078.0
Northern rock sole - Western Gulf of Alaska,Western Gulf of Alaska,2023,2021.0,24078.0,Metric Tons,AlaskaEco,24078.0
Northern rockfish - Western / Central Gulf of Alaska,Western / Central Gulf of Alaska,2013,2013.0,47949.0,Metric Tons,AlaskaEco,47949.0
Northern rockfish - Western / Central Gulf of Alaska,Western / Central Gulf of Alaska,2014,2013.0,47949.0,Metric Tons,AlaskaEco,47949.0
Northern rockfish - Western / Central Gulf of Alaska,Western / Central Gulf of Alaska,2015,2015.0,35426.0,Metric Tons,AlaskaEco,35426.0
Northern rockfish - Western / Central Gulf of Alaska,Western / Central Gulf of Alaska,2016,2016.0,31448.0,Metric Tons,AlaskaEco,31448.0
Northern rockfish - Western / Central Gulf of Alaska,Western / Central Gulf of Alaska,2017,2017.0,36683.0,Metric Tons,AlaskaEco,36683.0
Northern rockfish - Western / Central Gulf of Alaska,Western / Central Gulf of Alaska,2018,2018.0,39819.0,Metric Tons,AlaskaEco,39819.0
Northern rockfish - Western / Central Gulf of Alaska,Western / Central Gulf of Alaska,2019,2018.0,39819.0,Metric Tons,AlaskaEco,39819.0
Northern rockfish - Western / Central Gulf of Alaska,Western / Central Gulf of Alaska,2020,2020.0,42553.0,Metric Tons,AlaskaEco,42553.0
Northern rockfish - Western / Central Gulf of Alaska,Western / Central Gulf of Alaska,2021,2020.0,42553.0,Metric Tons,AlaskaEco,42553.0
Northern rockfish - Western / Central Gulf of Alaska,Western / Central Gulf of Alaska,2022,2022.0,39445.0,Metric Tons,AlaskaEco,39445.0
Northern rockfish - Western / Central Gulf of Alaska,Western / Central Gulf of Alaska,2023,2022.0,39445.0,Metric Tons,AlaskaEco,39445.0
Pacific cod - Gulf of Alaska,Gulf of Alaska,2013,2013.0,146930.0,Metric Tons,AlaskaEco,146930.0
Pacific cod - Gulf of Alaska,Gulf of Alaska,2014,2014.0,183784.0,Metric Tons,AlaskaEco,183784.0
Pacific cod - Gulf of Alaska,Gulf of Alaska,2015,2015.0,202714.0,Metric Tons,AlaskaEco,202714.0
Pacific cod - Gulf of Alaska,Gulf of Alaska,2016,2016.0,91210.0,Metric Tons,AlaskaEco,91210.0
Pacific cod - Gulf of Alaska,Gulf of Alaska,2017,2017.0,47326.0,Metric Tons,AlaskaEco,47326.0
Pacific cod - Gulf of Alaska,Gulf of Alaska,2018,2018.0,39723.0,Metric Tons,AlaskaEco,39723.0
Pacific cod - Gulf of Alaska,Gulf of Alaska,2019,2019.0,33275.0,Metric Tons,AlaskaEco,33275.0
Pacific cod - Gulf of Alaska,Gulf of Alaska,2020,2020.0,34631.0,Metric Tons,AlaskaEco,34631.0
Pacific cod - Gulf of Alaska,Gulf of Alaska,2021,2021.0,46190.0,Metric Tons,AlaskaEco,46190.0
Pacific cod - Gulf of Alaska,Gulf of Alaska,2022,2022.0,51734.0,Metric Tons,AlaskaEco,51734.0
Pacific cod - Gulf of Alaska,Gulf of Alaska,2023,2023.0,55170.0,Metric Tons,AlaskaEco,55170.0
Pacific ocean perch - Gulf of Alaska,Gulf of Alaska,2013,2013.0,118145.0,Metric Tons,AlaskaEco,118145.0
Pacific ocean perch - Gulf of Alaska,Gulf of Alaska,2014,2014.0,139765.0,Metric Tons,AlaskaEco,139765.0
Pacific ocean perch - Gulf of Alaska,Gulf of Alaska,2015,2015.0,154984.0,Metric Tons,AlaskaEco,154984.0
Pacific ocean perch - Gulf of Alaska,Gulf of Alaska,2016,2016.0,156454.0,Metric Tons,AlaskaEco,156454.0
Pacific ocean perch - Gulf of Alaska,Gulf of Alaska,2017,2017.0,180163.0,Metric Tons,AlaskaEco,180163.0
Pacific ocean perch - Gulf of Alaska,Gulf of Alaska,2018,2018.0,180010.0,Metric Tons,AlaskaEco,180010.0
Pacific ocean perch - Gulf of Alaska,Gulf of Alaska,2019,2019.0,205292.0,Metric Tons,AlaskaEco,205292.0
Pacific ocean perch - Gulf of Alaska,Gulf of Alaska,2020,2020.0,213505.0,Metric Tons,AlaskaEco,213505.0
Pacific ocean perch - Gulf of Alaska,Gulf of Alaska,2021,2021.0,222301.0,Metric Tons,AlaskaEco,222301.0
Pacific ocean perch - Gulf of Alaska,Gulf of Alaska,2022,2021.0,222301.0,Metric Tons,AlaskaEco,222301.0
Pacific ocean perch - Gulf of Alaska,Gulf of Alaska,2023,2023.0,240000.0,Metric Tons,AlaskaEco,240000.0
Rex sole - Eastern Gulf of Alaska,Eastern Gulf of Alaska,2022,2021.0,8797.0,Metric Tons,AlaskaEco,8797.0
Rex sole - Eastern Gulf of Alaska,Eastern Gulf of Alaska,2023,2021.0,8797.0,Metric Tons,AlaskaEco,8797.0
Rex sole - Gulf of Alaska,Gulf of Alaska,2013,2011.0,52.599998474121094,Thousand Metric Tons,AlaskaEco,52599.998474121094
Rex sole - Gulf of Alaska,Gulf of Alaska,2014,2011.0,52.599998474121094,Thousand Metric Tons,AlaskaEco,52599.998474121094
Rex sole - Gulf of Alaska,Gulf of Alaska,2015,2015.0,41418.0,Metric Tons,AlaskaEco,41418.0
Rex sole - Gulf of Alaska,Gulf of Alaska,2016,2015.0,41418.0,Metric Tons,AlaskaEco,41418.0
Rex sole - Gulf of Alaska,Gulf of Alaska,2017,2017.0,47939.0,Metric Tons,AlaskaEco,47939.0
Rex sole - Gulf of Alaska,Gulf of Alaska,2018,2017.0,47919.0,Metric Tons,AlaskaEco,47919.0
Rex sole - Gulf of Alaska,Gulf of Alaska,2019,2017.0,47919.0,Metric Tons,AlaskaEco,47919.0
Rex sole - Western / Central Gulf of Alaska,Western / Central Gulf of Alaska,2022,2021.0,35797.0,Metric Tons,AlaskaEco,35797.0
Rex sole - Western / Central Gulf of Alaska,Western / Central Gulf of Alaska,2023,2021.0,35796.8984375,Metric Tons,AlaskaEco,35796.8984375
Rock sole - Central Gulf of Alaska,Central Gulf of Alaska,2021,2021.0,34817.0,Metric Tons,AlaskaEco,34817.0
Rock sole - Central Gulf of Alaska,Central Gulf of Alaska,2022,2021.0,34817.0,Metric Tons,AlaskaEco,34817.0
Rock sole - Central Gulf of Alaska,Central Gulf of Alaska,2023,2021.0,34817.0,Metric Tons,AlaskaEco,34817.0
Rock sole - Gulf of Alaska,Gulf of Alaska,2013,2013.0,87561.0,Metric Tons,AlaskaEco,87561.0
Rock sole - Gulf of Alaska,Gulf of Alaska,2014,2014.0,74865.0,Metric Tons,AlaskaEco,74865.0
Rock sole - Gulf of Alaska,Gulf of Alaska,2015,2015.0,83979.0,Metric Tons,AlaskaEco,83979.0
Rock sole - Gulf of Alaska,Gulf of Alaska,2016,2015.0,81089.0,Metric Tons,AlaskaEco,81089.0
Rock sole - Gulf of Alaska,Gulf of Alaska,2017,2017.0,76053.0,Metric Tons,AlaskaEco,76053.0
Rock sole - Gulf of Alaska,Gulf of Alaska,2018,2017.0,76053.0,Metric Tons,AlaskaEco,76053.0
Rock sole - Gulf of Alaska,Gulf of Alaska,2019,2017.0,76053.0,Metric Tons,AlaskaEco,76053.0
Rock sole - Gulf of Alaska,Gulf of Alaska,2020,2017.0,76053.0,Metric Tons,AlaskaEco,76053.0
Rock sole - Western Gulf of Alaska,Western Gulf of Alaska,2021,2021.0,33582.0,Metric Tons,AlaskaEco,33582.0
Rock sole - Western Gulf of Alaska,Western Gulf of Alaska,2022,2021.0,33582.0,Metric Tons,AlaskaEco,33582.0
Rock sole - Western Gulf of Alaska,Western Gulf of Alaska,2023,2021.0,33582.0,Metric Tons,AlaskaEco,33582.0
Sharpchin rockfish - Gulf of Alaska,Gulf of Alaska,2023,2023.0,7008.0,Metric Tons,AlaskaEco,7008.0
Shortraker rockfish - Gulf of Alaska,Gulf of Alaska,2015,2015.0,57175.0,metric tons,AlaskaEco,57175.0
Shortraker rockfish - Gulf of Alaska,Gulf of Alaska,2016,2016.0,57175.0,metric tons,AlaskaEco,57175.0
Shortraker rockfish - Gulf of Alaska,Gulf of Alaska,2019,2020.0,31465.0,Metric Tons,AlaskaEco,31465.0
Shortraker rockfish - Gulf of Alaska,Gulf of Alaska,2021,2021.0,31331.0,Metric Tons,AlaskaEco,31331.0
Shortraker rockfish - Gulf of Alaska,Gulf of Alaska,2023,2023.0,28768.0,Metric Tons,AlaskaEco,28768.0
Shortspine thornyhead - Gulf of Alaska,Gulf of Alaska,2013,2013.0,81816.0,Metric Tons,AlaskaEco,81816.0
Shortspine thornyhead - Gulf of Alaska,Gulf of Alaska,2014,2014.0,81816.0,Metric Tons,AlaskaEco,81816.0
Shortspine thornyhead - Gulf of Alaska,Gulf of Alaska,2015,2015.0,87155.0,Metric Tons,AlaskaEco,87155.0
Shortspine thornyhead - Gulf of Alaska,Gulf of Alaska,2016,2015.0,87155.0,Metric Tons,AlaskaEco,87155.0
Shortspine thornyhead - Gulf of Alaska,Gulf of Alaska,2017,2017.0,90570.0,Metric Tons,AlaskaEco,90570.0
Shortspine thornyhead - Gulf of Alaska,Gulf of Alaska,2018,2018.0,89609.0,Metric Tons,AlaskaEco,89609.0
Shortspine thornyhead - Gulf of Alaska,Gulf of Alaska,2020,2020.0,86802.0,Metric Tons,AlaskaEco,86802.0
Shortspine thornyhead - Gulf of Alaska,Gulf of Alaska,2022,2022.0,72349.0,Metric Tons,AlaskaEco,72349.0
Walleye pollock - Southeast Gulf of Alaska,Southeast Gulf of Alaska,2013,2013.0,46111.0,Metric Tons,AlaskaEco,46111.0
Walleye pollock - Southeast Gulf of Alaska,Southeast Gulf of Alaska,2014,2014.0,56111.0,Metric Tons,AlaskaEco,56111.0
Walleye pollock - Southeast Gulf of Alaska,Southeast Gulf of Alaska,2015,2015.0,44087.0,Metric Tons,AlaskaEco,44087.0
Walleye pollock - Southeast Gulf of Alaska,Southeast Gulf of Alaska,2016,2016.0,44087.0,Metric Tons,AlaskaEco,44087.0
Walleye pollock - Southeast Gulf of Alaska,Southeast Gulf of Alaska,2017,2017.0,38989.0,Metric Tons,AlaskaEco,38989.0
Walleye pollock - Southeast Gulf of Alaska,Southeast Gulf of Alaska,2018,2018.0,38989.0,Metric Tons,AlaskaEco,38989.0
Walleye pollock - Southeast Gulf of Alaska,Southeast Gulf of Alaska,2019,2029.0,45103.0,Metric Tons,AlaskaEco,45103.0
Walleye pollock - Southeast Gulf of Alaska,Southeast Gulf of Alaska,2020,2020.0,45103.0,Metric Tons,AlaskaEco,45103.0
Walleye pollock - Southeast Gulf of Alaska,Southeast Gulf of Alaska,2021,2021.0,50500.0,Metric Tons,AlaskaEco,50500.0
Walleye pollock - Southeast Gulf of Alaska,Southeast Gulf of Alaska,2022,2021.0,50500.0,Metric Tons,AlaskaEco,50500.0
Walleye pollock - Southeast Gulf of Alaska,Southeast Gulf of Alaska,2023,2023.0,43328.0,Metric Tons,AlaskaEco,43328.0
Walleye pollock - Western / Central / West Yakutat Gulf of Alaska,Western / Central / West Yakutat Gulf of Alaska,2013,2013.0,340000.0,Metric Tons,AlaskaEco,340000.0
Walleye pollock - Western / Central / West Yakutat Gulf of Alaska,Western / Central / West Yakutat Gulf of Alaska,2014,2014.0,297126.0,Metric Tons,AlaskaEco,297126.0
Walleye pollock - Western / Central / West Yakutat Gulf of Alaska,Western / Central / West Yakutat Gulf of Alaska,2015,2015.0,251000.0,Metric Tons,AlaskaEco,251000.0
Walleye pollock - Western / Central / West Yakutat Gulf of Alaska,Western / Central / West Yakutat Gulf of Alaska,2016,2016.0,217206.0,Metric Tons,AlaskaEco,217206.0
Walleye pollock - Western / Central / West Yakutat Gulf of Alaska,Western / Central / West Yakutat Gulf of Alaska,2017,2017.0,258000.0,Metric Tons,AlaskaEco,258000.0
Walleye pollock - Western / Central / West Yakutat Gulf of Alaska,Western / Central / West Yakutat Gulf of Alaska,2018,2018.0,325544.0,Metric Tons,AlaskaEco,325544.0
Walleye pollock - Western / Central / West Yakutat Gulf of Alaska,Western / Central / West Yakutat Gulf of Alaska,2019,2019.0,226701.0,Metric Tons,AlaskaEco,226701.0
Walleye pollock - Western / Central / West Yakutat Gulf of Alaska,Western / Central / West Yakutat Gulf of Alaska,2020,2020.0,183798.0,Metric Tons,AlaskaEco,183798.0
Walleye pollock - Western / Central / West Yakutat Gulf of Alaska,Western / Central / West Yakutat Gulf of Alaska,2021,2021.0,197189.0,Metric Tons,AlaskaEco,197189.0
Walleye pollock - Western / Central / West Yakutat Gulf of Alaska,Western / Central / West Yakutat Gulf of Alaska,2022,2022.0,243403.0,Metric Tons,AlaskaEco,243403.0
Walleye pollock - Western / Central / West Yakutat Gulf of Alaska,Western / Central / West Yakutat Gulf of Alaska,2023,2023.0,342403.6875,Metric Tons,AlaskaEco,342403.6875
Yelloweye rockfish - Gulf of Alaska,Gulf of Alaska,2013,2013.0,14588.0,Metric Tons,AlaskaEco,14588.0
Yelloweye rockfish - Gulf of Alaska,Gulf of Alaska,2014,2014.0,13274.0,Metric Tons,AlaskaEco,13274.0
Yelloweye rockfish - Gulf of Alaska,Gulf of Alaska,2015,2015.0,10933.0,Metric Tons,AlaskaEco,10933.0
Yelloweye rockfish - Gulf of Alaska,Gulf of Alaska,2016,2016.0,10347.0,Metric Tons,AlaskaEco,10347.0
Yelloweye rockfish - Gulf of Alaska,Gulf of Alaska,2017,2017.0,10347.0,metric tons,AlaskaEco,10347.0
Yelloweye rockfish - Gulf of Alaska,Gulf of Alaska,2018,2018.0,11508.0,Metric Tons,AlaskaEco,11508.0
Yelloweye rockfish - Gulf of Alaska,Gulf of Alaska,2019,2019.0,12032.0,Metric Tons,AlaskaEco,12032.0
Yelloweye rockfish - Gulf of Alaska,Gulf of Alaska,2020,2020.0,10903.0,Metric Tons,AlaskaEco,10903.0
Yelloweye rockfish - Gulf of Alaska,Gulf of Alaska,2021,2021.0,10648.0,Metric Tons,AlaskaEco,10648.0
Yelloweye rockfish - Gulf of Alaska,Gulf of Alaska,2022,2022.0,17511.0,Metric Tons,AlaskaEco,17511.0
Albacore - North Atlantic,North Atlantic,2013,2011.0,76243.0,Metric Tons,AtlanticHM,76243.0
Albacore - North Atlantic,North Atlantic,2016,2015.0,555363.0,Metric Tons,AtlanticHM,555363.0
Albacore - North Atlantic,North Atlantic,2020,2019.0,508074.0,Metric Tons,AtlanticHM,508074.0
Albacore - North Atlantic,North Atlantic,2023,2021.0,171966.0,Metric Tons,AtlanticHM,171966.0
Swordfish - North Atlantic,North Atlantic,2013,2011.0,74168.0,mt,AtlanticHM,74168.0
Swordfish - North Atlantic,North Atlantic,2017,2015.0,85946.0,mt,AtlanticHM,85946.0
Yellowfin tuna - Atlantic,Atlantic,2019,2018.0,729436.0,Metric Tons,AtlanticHM,729436.0
Northern anchovy - Southern Pacific Coast,Southern Pacific Coast,2022,2021.0,2090640.0,Metric Tons,California,2090640.0
Pacific chub mackerel - Pacific Coast,Pacific Coast,2015,2015.0,120435.0,mt,California,120435.0
Pacific chub mackerel - Pacific Coast,Pacific Coast,2017,2016.0,118968.0,mt,California,118968.0
Pacific chub mackerel - Pacific Coast,Pacific Coast,2019,2019.0,71099.0,Metric Tons,California,71099.0
Pacific chub mackerel - Pacific Coast,Pacific Coast,2021,2019.0,71099.0,Metric Tons,California,71099.0
Pacific chub mackerel - Pacific Coast,Pacific Coast,2023,2022.0,46682.0,Metric Tons,California,46682.0
Pacific sardine - Northern Subpopulation,Northern Subpopulation,2016,2016.0,106137.0,mt,California,106137.0
Pacific sardine - Northern Subpopulation,Northern Subpopulation,2017,2017.0,86586.0,mt,California,86586.0
Pacific sardine - Northern Subpopulation,Northern Subpopulation,2018,2018.0,52065.0,mt,California,52065.0
Pacific sardine - Northern Subpopulation,Northern Subpopulation,2019,2019.0,27547.0,Metric Tons,California,27547.0
Pacific sardine - Northern Subpopulation,Northern Subpopulation,2020,2020.0,28275.0,Metric Tons,California,28275.0
Pacific sardine - Northern Subpopulation,Northern Subpopulation,2021,2020.0,28275.0,Metric Tons,California,28275.0
Pacific sardine - Northern Subpopulation,Northern Subpopulation,2022,2021.0,27369.0,Metric Tons,California,27369.0
Arrowtooth flounder - Pacific Coast,Pacific Coast,2017,2016.0,56710.0,Metric Tons,California,56710.0
Arrowtooth flounder - Pacific Coast,Pacific Coast,2021,2021.0,72583.0,Metric Tons,California,72583.0
Aurora rockfish - Pacific Coast,Pacific Coast,2013,2013.0,1673.3499755859375,Metric Tons,California,1673.3499755859375
Cabezon - Northern California,Northern California,2019,2019.0,642.5999755859375,Metric Tons,California,642.5999755859375
Cabezon - Oregon,Oregon,2019,2019.0,177.0,Metric Tons,California,177.0
Cabezon - Southern California,Southern California,2019,2019.0,101.0,Metric Tons,California,101.0
California scorpionfish - Southern California,Southern California,2015,2015.0,708.3619995117188,mt,California,708.3619995117188
California scorpionfish - Southern California,Southern California,2017,2017.0,882.5,mt,California,882.5
Dover sole - Pacific Coast,Pacific Coast,2019,2019.0,364738.0,Metric Tons,California,364738.0
Dover sole - Pacific Coast,Pacific Coast,2021,2020.0,229626.0,Metric Tons,California,229626.0
Kelp greenling - Oregon,Oregon,2015,2015.0,316.0,mt (female mature biomass),California,316.0
Lingcod - Northern Pacific Coast,Northern Pacific Coast,2017,2017.0,21976.0,mt,California,21976.0
Lingcod - Northern Pacific Coast,Northern Pacific Coast,2019,2019.0,23583.0,Metric Tons,California,23583.0
Lingcod - Northern Pacific Coast,Northern Pacific Coast,2021,2021.0,11010.2001953125,Metric Tons,California,11010.2001953125
Lingcod - Southern Pacific Coast,Southern Pacific Coast,2017,2017.0,6742.0,mt,California,6742.0
Lingcod - Southern Pacific Coast,Southern Pacific Coast,2021,2021.0,10415.0,Metric Tons,California,10415.0
Longnose skate - Pacific Coast,Pacific Coast,2019,2019.0,6923.0,Metric Tons,California,6923.0
Longspine thornyhead - Pacific Coast,Pacific Coast,2013,2013.0,29435.69921875,mt (female mature biomass),California,29435.69921875
Longspine thornyhead - Pacific Coast,Pacific Coast,2019,2019.0,28389.0,Metric Tons,California,28389.0
Pacific Coast Blackspotted and Rougheye Rockfish Complex,,2013,2013.0,2552.0,mt (female mature biomass),California,2552.0
Pacific Coast Blackspotted and Rougheye Rockfish Complex,,2019,2019.0,5828.0,Metric Tons,California,5828.0
Pacific hake - Pacific Coast,Pacific Coast,2013,2013.0,1.503999948501587,Million Metric Tons,California,1503999.948501587
Pacific hake - Pacific Coast,Pacific Coast,2014,2014.0,1.722000002861023,Million Metric Tons,California,1722000.002861023
Pacific hake - Pacific Coast,Pacific Coast,2015,2015.0,1.6629999876022339,Million Metric Tons,California,1662999.987602234
Pacific hake - Pacific Coast,Pacific Coast,2016,2016.0,1.8849999904632568,Million Metric Tons,California,1884999.9904632568
Pacific hake - Pacific Coast,Pacific Coast,2017,2017.0,2.128999948501587,Million Metric Tons,California,2128999.948501587
Pacific hake - Pacific Coast,Pacific Coast,2018,2018.0,1.3569999933242798,Million Metric Tons,California,1356999.9933242798
Pacific hake - Pacific Coast,Pacific Coast,2019,2019.0,1.312000036239624,Million Metric Tons,California,1312000.036239624
Pacific hake - Pacific Coast,Pacific Coast,2020,2020.0,1.1959999799728394,Million Metric Tons,California,1195999.9799728394
Pacific hake - Pacific Coast,Pacific Coast,2021,2021.0,981000.0,Metric Tons,California,981000.0
Pacific hake - Pacific Coast,Pacific Coast,2022,2022.0,1171000.0,Metric Tons,California,1171000.0
Pacific hake - Pacific Coast,Pacific Coast,2023,2023.0,1910000.0,Metric Tons,California,1910000.0
Petrale sole - Pacific Coast,Pacific Coast,2019,2019.0,13078.0,Metric Tons,California,13078.0
Petrale sole - Pacific Coast,Pacific Coast,2021,2021.0,12485.0,Metric Tons,California,12485.0
Sablefish - Pacific Coast,Pacific Coast,2019,2019.0,57444.0,Metric Tons,California,57444.0
Sablefish - Pacific Coast,Pacific Coast,2021,2020.0,90756.0,Metric Tons,California,90756.0
Sablefish - Pacific Coast,Pacific Coast,2023,2023.0,117519.0,Metric Tons,California,117519.0
Shortspine thornyhead - Pacific Coast,Pacific Coast,2013,2013.0,140753.0,mt (mature female biomass),California,140753.0
Shortspine thornyhead - Pacific Coast,Pacific Coast,2019,2019.0,139049.0,Metric Tons,California,139049.0
Widow rockfish - Pacific Coast,Pacific Coast,2019,2019.0,80910.0,Metric Tons,California,80910.0
Widow rockfish - Pacific Coast,Pacific Coast,2023,2019.0,80910.0,Metric Tons,California,80910.0
Queen triggerfish - Puerto Rico,Puerto Rico,2022,2019.0,122.0,Metric Tons,Caribbean,122.0
Gag - Gulf of Mexico,Gulf of Mexico,2014,2012.0,11245.0,Metric Tons,GulfMexico,11245.0
Gag - Gulf of Mexico,Gulf of Mexico,2021,2019.0,1706.0,Metric Tons,GulfMexico,1706.0
Gag - Gulf of Mexico,Gulf of Mexico,2023,2019.0,1706.0,Metric Tons,GulfMexico,1706.0
Gray snapper - Gulf of Mexico,Gulf of Mexico,2018,2015.0,4660.0,Metric Tons,GulfMexico,4660.0
Gray snapper - Gulf of Mexico,Gulf of Mexico,2022,2020.0,10345.0,Metric Tons,GulfMexico,10345.0
Greater amberjack - Gulf of Mexico,Gulf of Mexico,2014,2012.0,4.820000171661377,million lbs.,GulfMexico,2186315.301264291
Greater amberjack - Gulf of Mexico,Gulf of Mexico,2017,2015.0,1640.0,Metric Tons,GulfMexico,1640.0
Greater amberjack - Gulf of Mexico,Gulf of Mexico,2021,2018.0,2433.0,Metric Tons,GulfMexico,2433.0
Hogfish - Eastern Gulf of Mexico,Eastern Gulf of Mexico,2014,2012.0,1340.3499755859375,Millions of Pounds,GulfMexico,607972522.0554676
Hogfish - Eastern Gulf of Mexico,Eastern Gulf of Mexico,2018,2016.0,1762.7099609375,mt,GulfMexico,1762.7099609375
Scamp - Gulf of Mexico,Gulf of Mexico,2022,2020.0,1301.0,Metric Tons,GulfMexico,1301.0
Brown shrimp - Gulf of Mexico,Gulf of Mexico,2015,2014.0,75.5999984741211,Million Pounds,GulfMexico,34291582.47987297
Brown shrimp - Gulf of Mexico,Gulf of Mexico,2016,2015.0,74.4000015258789,Million Pounds,GulfMexico,33747273.020127036
Brown shrimp - Gulf of Mexico,Gulf of Mexico,2017,2016.0,63.099998474121094,Million Pounds,GulfMexico,28621677.85487297
Brown shrimp - Gulf of Mexico,Gulf of Mexico,2018,2017.0,26.799999237060547,Million lbs - Tails,GulfMexico,12156275.169936486
Pink shrimp - Gulf of Mexico,Gulf of Mexico,2015,2014.0,55.400001525878906,Million Pounds,GulfMexico,25129017.99012703
Pink shrimp - Gulf of Mexico,Gulf of Mexico,2016,2015.0,86.9000015258789,Million Pounds,GulfMexico,39417177.645127036
Pink shrimp - Gulf of Mexico,Gulf of Mexico,2017,2016.0,64.69999694824219,Million Pounds,GulfMexico,29347424.954745945
Pink shrimp - Gulf of Mexico,Gulf of Mexico,2018,2017.0,62.79999923706055,Million lbs - Tails,GulfMexico,28485600.489936486
White shrimp - Gulf of Mexico,Gulf of Mexico,2015,2014.0,612.5999755859375,Million Pounds,GulfMexico,277870674.7879675
White shrimp - Gulf of Mexico,Gulf of Mexico,2016,2015.0,467.8999938964844,Million Pounds,GulfMexico,212235867.15449187
White shrimp - Gulf of Mexico,Gulf of Mexico,2017,2016.0,496.29998779296875,Million Pounds,GulfMexico,225117887.69398376
White shrimp - Gulf of Mexico,Gulf of Mexico,2018,2017.0,643.4000244140625,Million Pounds,GulfMexico,291841341.93203247
Cobia - Gulf of Mexico,Gulf of Mexico,2013,2011.0,2213.0,Metric tons,GulfMexico,2213.0
Cobia - Gulf of Mexico,Gulf of Mexico,2020,2018.0,3725.0,Metric Tons,GulfMexico,3725.0
Spanish mackerel - Gulf of Mexico,Gulf of Mexico,2013,2011.0,18998.0,mt ww,GulfMexico,18998.0
Spanish mackerel - Gulf of Mexico,Gulf of Mexico,2023,2021.0,11734.0,Metric Tons,GulfMexico,11734.0
Atlantic surfclam - Mid-Atlantic Coast,Mid-Atlantic Coast,2013,2011.0,1060000.0,mt,NortheastShelf,1060000.0
Atlantic surfclam - Mid-Atlantic Coast,Mid-Atlantic Coast,2016,2015.0,46355000.0,mt,NortheastShelf,46355000.0
Atlantic surfclam - Mid-Atlantic Coast,Mid-Atlantic Coast,2020,2019.0,1222.0,Thousand Metric Tons,NortheastShelf,1222000.0
Ocean quahog - Atlantic Coast,Atlantic Coast,2013,2008.0,2961000.0,mt (meat weight only),NortheastShelf,2961000.0
Ocean quahog - Atlantic Coast,Atlantic Coast,2017,2016.0,3287300.0,Metric Tons,NortheastShelf,3287300.0
Ocean quahog - Atlantic Coast,Atlantic Coast,2020,2019.0,2282.0,Thousand Metric Tons,NortheastShelf,2282000.0
Bluefish - Atlantic Coast,Atlantic Coast,2013,2012.0,125808.0,Metric Tons,NortheastShelf,125808.0
Bluefish - Atlantic Coast,Atlantic Coast,2014,2013.0,123716.0,Metric Tons,NortheastShelf,123716.0
Bluefish - Atlantic Coast,Atlantic Coast,2015,2014.0,86534.0,Metric Tons,NortheastShelf,86534.0
Bluefish - Atlantic Coast,Atlantic Coast,2019,2018.0,91041.0,Metric Tons,NortheastShelf,91041.0
Bluefish - Atlantic Coast,Atlantic Coast,2021,2019.0,95742.0,Metric Tons,NortheastShelf,95742.0
Bluefish - Atlantic Coast,Atlantic Coast,2023,2022.0,52747.0,Metric Tons,NortheastShelf,52747.0
Atlantic mackerel - Gulf of Maine / Cape Hatteras,Gulf of Maine / Cape Hatteras,2018,2016.0,43519.0,Metric Tons,NortheastShelf,43519.0
Atlantic mackerel - Gulf of Maine / Cape Hatteras,Gulf of Maine / Cape Hatteras,2021,2019.0,42862.0,Metric Tons,NortheastShelf,42862.0
Atlantic mackerel - Gulf of Maine / Cape Hatteras,Gulf of Maine / Cape Hatteras,2023,2022.0,19017.0,Metric Tons,NortheastShelf,19017.0
Butterfish - Gulf of Maine / Cape Hatteras,Gulf of Maine / Cape Hatteras,2014,2012.0,79451.0,Metric Tons,NortheastShelf,79451.0
Butterfish - Gulf of Maine / Cape Hatteras,Gulf of Maine / Cape Hatteras,2017,2016.0,64376.0,Metric Tons,NortheastShelf,64376.0
Butterfish - Gulf of Maine / Cape Hatteras,Gulf of Maine / Cape Hatteras,2020,2019.0,29308.0,Metric Tons,NortheastShelf,29308.0
Butterfish - Gulf of Maine / Cape Hatteras,Gulf of Maine / Cape Hatteras,2022,2021.0,66566.0,Metric Tons,NortheastShelf,66566.0
Longfin inshore squid - Georges Bank / Cape Hatteras,Georges Bank / Cape Hatteras,2017,2016.0,73762.0,Metric Tons,NortheastShelf,73762.0
Longfin inshore squid - Georges Bank / Cape Hatteras,Georges Bank / Cape Hatteras,2020,2019.0,63349.0,Metric Tons,NortheastShelf,63349.0
Longfin inshore squid - Georges Bank / Cape Hatteras,Georges Bank / Cape Hatteras,2023,2022.0,121836.0,Metric Tons,NortheastShelf,121836.0
Black sea bass - Mid-Atlantic Coast,Mid-Atlantic Coast,2017,2015.0,22176.0,mt,NortheastShelf,22176.0
Black sea bass - Mid-Atlantic Coast,Mid-Atlantic Coast,2019,2018.0,33407.0,Metric Tons,NortheastShelf,33407.0
Black sea bass - Mid-Atlantic Coast,Mid-Atlantic Coast,2021,2019.0,29769.0,Metric Tons,NortheastShelf,29769.0
Scup - Atlantic Coast,Atlantic Coast,2015,2014.0,182915.0,mt,NortheastShelf,182915.0
Scup - Atlantic Coast,Atlantic Coast,2017,2016.0,179898.0,mt,NortheastShelf,179898.0
Scup - Atlantic Coast,Atlantic Coast,2019,2018.0,186578.0,Metric Tons,NortheastShelf,186578.0
Scup - Atlantic Coast,Atlantic Coast,2021,2019.0,176404.0,Metric Tons,NortheastShelf,176404.0
Scup - Atlantic Coast,Atlantic Coast,2023,2022.0,159050.0,Metric Tons,NortheastShelf,159050.0
Summer flounder - Mid-Atlantic Coast,Mid-Atlantic Coast,2013,2012.0,51238.0,mt,NortheastShelf,51238.0
Summer flounder - Mid-Atlantic Coast,Mid-Atlantic Coast,2015,2014.0,40323.0,mt,NortheastShelf,40323.0
Summer flounder - Mid-Atlantic Coast,Mid-Atlantic Coast,2016,2015.0,36240.0,mt,NortheastShelf,36240.0
Summer flounder - Mid-Atlantic Coast,Mid-Atlantic Coast,2019,2017.0,44552.0,mt,NortheastShelf,44552.0
Summer flounder - Mid-Atlantic Coast,Mid-Atlantic Coast,2021,2019.0,47397.0,Metric Tons,NortheastShelf,47397.0
Summer flounder - Mid-Atlantic Coast,Mid-Atlantic Coast,2023,2022.0,40994.0,Metric Tons,NortheastShelf,40994.0
Tilefish - Mid-Atlantic Coast,Mid-Atlantic Coast,2014,2012.0,5229.0,mt,NortheastShelf,5229.0
Tilefish - Mid-Atlantic Coast,Mid-Atlantic Coast,2017,2016.0,8479.0,mt,NortheastShelf,8479.0
Tilefish - Mid-Atlantic Coast,Mid-Atlantic Coast,2021,2019.0,10562.0,Metric Tons,NortheastShelf,10562.0
Atlantic herring - Northwestern Atlantic Coast,Northwestern Atlantic Coast,2015,2014.0,622991.0,Metric Tons,NortheastShelf,622991.0
Atlantic herring - Northwestern Atlantic Coast,Northwestern Atlantic Coast,2018,2017.0,141473.0,Metric Tons,NortheastShelf,141473.0
Atlantic herring - Northwestern Atlantic Coast,Northwestern Atlantic Coast,2020,2019.0,77883.0,Metric Tons,NortheastShelf,77883.0
Atlantic herring - Northwestern Atlantic Coast,Northwestern Atlantic Coast,2022,2021.0,39091.0,Metric Tons,NortheastShelf,39091.0
Sea scallop - Northwestern Atlantic Coast,Northwestern Atlantic Coast,2014,2013.0,132561.0,mt (meat weight only),NortheastShelf,132561.0
Sea scallop - Northwestern Atlantic Coast,Northwestern Atlantic Coast,2015,2015.0,196728.0,mt (meat weight only),NortheastShelf,196728.0
Sea scallop - Northwestern Atlantic Coast,Northwestern Atlantic Coast,2018,2017.0,317334.0,mt (meat weight only),NortheastShelf,317334.0
Sea scallop - Northwestern Atlantic Coast,Northwestern Atlantic Coast,2020,2019.0,147073.0,Metric Tons,NortheastShelf,147073.0
Acadian redfish - Gulf of Maine / Georges Bank,Gulf of Maine / Georges Bank,2015,2014.0,330004.0,Metric Tons,NortheastShelf,330004.0
Acadian redfish - Gulf of Maine / Georges Bank,Gulf of Maine / Georges Bank,2017,2016.0,359970.0,Metric Tons,NortheastShelf,359970.0
Acadian redfish - Gulf of Maine / Georges Bank,Gulf of Maine / Georges Bank,2020,2019.0,308135.0,Metric Tons,NortheastShelf,308135.0
Acadian redfish - Gulf of Maine / Georges Bank,Gulf of Maine / Georges Bank,2023,2022.0,302776.0,Metric Tons,NortheastShelf,302776.0
American plaice - Gulf of Maine / Georges Bank,Gulf of Maine / Georges Bank,2015,2014.0,10977.0,Metric Tons,NortheastShelf,10977.0
American plaice - Gulf of Maine / Georges Bank,Gulf of Maine / Georges Bank,2017,2016.0,13351.0,Metric Tons,NortheastShelf,13351.0
American plaice - Gulf of Maine / Georges Bank,Gulf of Maine / Georges Bank,2019,2018.0,17748.0,Metric Tons,NortheastShelf,17748.0
American plaice - Gulf of Maine / Georges Bank,Gulf of Maine / Georges Bank,2022,2021.0,18809.0,Metric Tons,NortheastShelf,18809.0
Atlantic cod - Eastern Georges Bank,Eastern Georges Bank,2013,2012.0,11160.0,mt,NortheastShelf,11160.0
Atlantic cod - Eastern Georges Bank,Eastern Georges Bank,2014,2013.0,11179.0,mt,NortheastShelf,11179.0
Atlantic cod - Eastern Georges Bank,Eastern Georges Bank,2015,2014.0,10048.0,mt,NortheastShelf,10048.0
Atlantic cod - Eastern Georges Bank,Eastern Georges Bank,2016,2015.0,11026.0,mt,NortheastShelf,11026.0
Atlantic cod - Eastern Georges Bank,Eastern Georges Bank,2017,2015.0,13944.0,mt,NortheastShelf,13944.0
Atlantic cod - Eastern Georges Bank,Eastern Georges Bank,2018,2018.0,6402.0,mt,NortheastShelf,6402.0
Atlantic cod - Eastern Georges Bank,Eastern Georges Bank,2020,2019.0,14908.0,Metric Tons,NortheastShelf,14908.0
Atlantic cod - Georges Bank,Georges Bank,2013,2011.0,13216.0,mt,NortheastShelf,13216.0
Atlantic wolffish - Gulf of Maine / Georges Bank,Gulf of Maine / Georges Bank,2015,2014.0,638.0,mt,NortheastShelf,638.0
Atlantic wolffish - Gulf of Maine / Georges Bank,Gulf of Maine / Georges Bank,2017,2016.0,652.0,mt,NortheastShelf,652.0
Atlantic wolffish - Gulf of Maine / Georges Bank,Gulf of Maine / Georges Bank,2020,2019.0,676.0,Metric Tons,NortheastShelf,676.0
Atlantic wolffish - Gulf of Maine / Georges Bank,Gulf of Maine / Georges Bank,2022,2021.0,690.0,Metric Tons,NortheastShelf,690.0
Haddock - Eastern Georges Bank,Eastern Georges Bank,2013,2013.0,183600.0,Metric Tons,NortheastShelf,183600.0
Haddock - Eastern Georges Bank,Eastern Georges Bank,2014,2014.0,160300.0,Metric Tons,NortheastShelf,160300.0
Haddock - Eastern Georges Bank,Eastern Georges Bank,2015,2014.0,117000.0,mt,NortheastShelf,117000.0
Haddock - Eastern Georges Bank,Eastern Georges Bank,2016,2016.0,455806.0,mt,NortheastShelf,455806.0
Haddock - Eastern Georges Bank,Eastern Georges Bank,2017,2017.0,274482.0,mt,NortheastShelf,274482.0
Haddock - Eastern Georges Bank,Eastern Georges Bank,2020,2019.0,61.099998474121094,Thousand Metric Tons,NortheastShelf,61099.998474121094
Haddock - Eastern Georges Bank,Eastern Georges Bank,2021,2021.0,91824.0,Metric Tons,NortheastShelf,91824.0
Haddock - Eastern Georges Bank,Eastern Georges Bank,2022,2021.0,15351.0,Metric Tons,NortheastShelf,15351.0
Haddock - Eastern Georges Bank,Eastern Georges Bank,2023,2022.0,26867.0,Metric Tons,NortheastShelf,26867.0
Haddock - Georges Bank,Georges Bank,2015,2014.0,150053.0,mt,NortheastShelf,150053.0
Haddock - Georges Bank,Georges Bank,2017,2016.0,290324.0,mt,NortheastShelf,290324.0
Haddock - Georges Bank,Georges Bank,2019,2018.0,507130.0,Metric Tons,NortheastShelf,507130.0
Haddock - Georges Bank,Georges Bank,2022,2021.0,79513.0,Metric Tons,NortheastShelf,79513.0
Haddock - Gulf of Maine,Gulf of Maine,2014,2013.0,4153.0,mt,NortheastShelf,4153.0
Haddock - Gulf of Maine,Gulf of Maine,2015,2014.0,10325.0,mt,NortheastShelf,10325.0
Haddock - Gulf of Maine,Gulf of Maine,2017,2016.0,47821.0,mt,NortheastShelf,47821.0
Haddock - Gulf of Maine,Gulf of Maine,2019,2018.0,82763.0,Metric Tons,NortheastShelf,82763.0
Haddock - Gulf of Maine,Gulf of Maine,2022,2021.0,16528.0,Metric Tons,NortheastShelf,16528.0
Pollock - Gulf of Maine / Georges Bank,Gulf of Maine / Georges Bank,2014,2013.0,126000.0,mt,NortheastShelf,126000.0
Pollock - Gulf of Maine / Georges Bank,Gulf of Maine / Georges Bank,2015,2014.0,154919.0,mt,NortheastShelf,154919.0
Pollock - Gulf of Maine / Georges Bank,Gulf of Maine / Georges Bank,2017,2016.0,183907.0,mt,NortheastShelf,183907.0
Pollock - Gulf of Maine / Georges Bank,Gulf of Maine / Georges Bank,2019,2018.0,212416.0,Metric Tons,NortheastShelf,212416.0
Pollock - Gulf of Maine / Georges Bank,Gulf of Maine / Georges Bank,2022,2021.0,175573.0,Metric Tons,NortheastShelf,175573.0
Red hake - Gulf of Maine / Northern Georges Bank,Gulf of Maine / Northern Georges Bank,2020,2019.0,194931.0,Metric Tons,NortheastShelf,194931.0
Red hake - Gulf of Maine / Northern Georges Bank,Gulf of Maine / Northern Georges Bank,2023,2022.0,283733.0,Metric Tons,NortheastShelf,283733.0
Red hake - Southern Georges Bank / Mid-Atlantic,Southern Georges Bank / Mid-Atlantic,2020,2019.0,74591.0,Metric Tons,NortheastShelf,74591.0
Red hake - Southern Georges Bank / Mid-Atlantic,Southern Georges Bank / Mid-Atlantic,2023,2022.0,20980.0,Metric Tons,NortheastShelf,20980.0
White hake - Gulf of Maine / Georges Bank,Gulf of Maine / Georges Bank,2019,2018.0,15891.0,Metric Tons,NortheastShelf,15891.0
White hake - Gulf of Maine / Georges Bank,Gulf of Maine / Georges Bank,2022,2021.0,19497.0,Metric Tons,NortheastShelf,19497.0
Windowpane - Gulf of Maine / Georges Bank,Gulf of Maine / Georges Bank,2020,2019.0,12505.0,Metric Tons,NortheastShelf,12505.0
Windowpane - Gulf of Maine / Georges Bank,Gulf of Maine / Georges Bank,2023,2022.0,2367.47998046875,Metric Tons,NortheastShelf,2367.47998046875
Winter flounder - Georges Bank,Georges Bank,2014,2013.0,6950.0,mt,NortheastShelf,6950.0
Winter flounder - Georges Bank,Georges Bank,2015,2014.0,2883.0,mt,NortheastShelf,2883.0
Winter flounder - Georges Bank,Georges Bank,2017,2016.0,3946.0,mt,NortheastShelf,3946.0
Winter flounder - Georges Bank,Georges Bank,2019,2018.0,2175.0,Metric Tons,NortheastShelf,2175.0
Winter flounder - Georges Bank,Georges Bank,2020,2019.0,2587.0,Metric Tons,NortheastShelf,2587.0
Winter flounder - Georges Bank,Georges Bank,2022,2021.0,4503.0,Metric Tons,NortheastShelf,4503.0
Winter flounder - Gulf of Maine,Gulf of Maine,2014,2013.0,2932.0,Metric Tons,NortheastShelf,2932.0
Winter flounder - Gulf of Maine,Gulf of Maine,2015,2014.0,4655.0,Metric Tons,NortheastShelf,4655.0
Winter flounder - Gulf of Maine,Gulf of Maine,2017,2014.0,2585.0,Metric Tons,NortheastShelf,2585.0
Winter flounder - Gulf of Maine,Gulf of Maine,2020,2019.0,2862.0,Metric Tons,NortheastShelf,2862.0
Winter flounder - Gulf of Maine,Gulf of Maine,2022,2021.0,5093.0,Metric Tons,NortheastShelf,5093.0
Winter flounder - Southern New England / Mid-Atlantic,Southern New England / Mid-Atlantic,2015,2014.0,6151.0,mt,NortheastShelf,6151.0
Winter flounder - Southern New England / Mid-Atlantic,Southern New England / Mid-Atlantic,2017,2016.0,4360.0,Metric Tons,NortheastShelf,4360.0
Winter flounder - Southern New England / Mid-Atlantic,Southern New England / Mid-Atlantic,2020,2019.0,3638.0,Metric Tons,NortheastShelf,3638.0
Winter flounder - Southern New England / Mid-Atlantic,Southern New England / Mid-Atlantic,2022,2021.0,3353.0,Metric Tons,NortheastShelf,3353.0
Witch flounder - Northwestern Atlantic Coast,Northwestern Atlantic Coast,2015,2014.0,2077.0,mt,NortheastShelf,2077.0
Witch flounder - Northwestern Atlantic Coast,Northwestern Atlantic Coast,2017,2016.0,14563.0,mt,NortheastShelf,14563.0
Witch flounder - Northwestern Atlantic Coast,Northwestern Atlantic Coast,2019,2019.0,35585.0,Metric Tons,NortheastShelf,35585.0
Witch flounder - Northwestern Atlantic Coast,Northwestern Atlantic Coast,2022,2021.0,22419.0,Metric Tons,NortheastShelf,22419.0
Yellowtail flounder - Cape Cod / Gulf of Maine,Cape Cod / Gulf of Maine,2015,2014.0,857.0,mt,NortheastShelf,857.0
Yellowtail flounder - Cape Cod / Gulf of Maine,Cape Cod / Gulf of Maine,2017,2016.0,1191.0,mt,NortheastShelf,1191.0
Yellowtail flounder - Cape Cod / Gulf of Maine,Cape Cod / Gulf of Maine,2019,2018.0,2125.0,Metric Tons,NortheastShelf,2125.0
Yellowtail flounder - Cape Cod / Gulf of Maine,Cape Cod / Gulf of Maine,2022,2021.0,3058.0,Metric Tons,NortheastShelf,3058.0
Yellowtail flounder - Georges Bank,Georges Bank,2013,2012.0,869.0,mt,NortheastShelf,869.0
Yellowtail flounder - Georges Bank,Georges Bank,2014,2013.0,2213.0,mt,NortheastShelf,2213.0
Yellowtail flounder - Georges Bank,Georges Bank,2015,2014.0,2240.0,mt,NortheastShelf,2240.0
Yellowtail flounder - Georges Bank,Georges Bank,2016,2016.0,1532.0,mt,NortheastShelf,1532.0
Yellowtail flounder - Georges Bank,Georges Bank,2017,2016.0,3118.0,Metric Tons,NortheastShelf,3118.0
Yellowtail flounder - Georges Bank,Georges Bank,2018,2017.0,1126.0,Matric Tons,NortheastShelf,1126.0
Yellowtail flounder - Georges Bank,Georges Bank,2020,2020.0,2077.0,Metric Tons,NortheastShelf,2077.0
Yellowtail flounder - Georges Bank,Georges Bank,2021,2021.0,2679.0,Metric Tons,NortheastShelf,2679.0
Yellowtail flounder - Georges Bank,Georges Bank,2022,2022.0,1500.0,Metric Tons,NortheastShelf,1500.0
Yellowtail flounder - Georges Bank,Georges Bank,2023,2023.0,917.0,Metric Tons,NortheastShelf,917.0
Yellowtail flounder - Southern New England / Mid-Atlantic,Southern New England / Mid-Atlantic,2015,2014.0,502.0,mt,NortheastShelf,502.0
Yellowtail flounder - Southern New England / Mid-Atlantic,Southern New England / Mid-Atlantic,2017,2016.0,152.0,mt,NortheastShelf,152.0
Yellowtail flounder - Southern New England / Mid-Atlantic,Southern New England / Mid-Atlantic,2019,2018.0,90.0,Metric Tons,NortheastShelf,90.0
Yellowtail flounder - Southern New England / Mid-Atlantic,Southern New England / Mid-Atlantic,2022,2021.0,70.0,Metric Tons,NortheastShelf,70.0
Goosefish - Gulf of Maine / Northern Georges Bank,Gulf of Maine / Northern Georges Bank,2013,2011.0,60500.0,mt,NortheastShelf,60500.0
Goosefish - Gulf of Maine / Northern Georges Bank,Gulf of Maine / Northern Georges Bank,2016,2015.0,24814.0,Metric Tons,NortheastShelf,24814.0
Goosefish - Gulf of Maine / Northern Georges Bank,Gulf of Maine / Northern Georges Bank,2019,2018.0,140801.0,Metric Tons,NortheastShelf,140801.0
Goosefish - Southern Georges Bank / Mid-Atlantic,Southern Georges Bank / Mid-Atlantic,2013,2011.0,111100.0,mt,NortheastShelf,111100.0
Goosefish - Southern Georges Bank / Mid-Atlantic,Southern Georges Bank / Mid-Atlantic,2016,2015.0,12197.0,Metric Tons,NortheastShelf,12197.0
Goosefish - Southern Georges Bank / Mid-Atlantic,Southern Georges Bank / Mid-Atlantic,2019,2018.0,26619.0,Metric Tons,NortheastShelf,26619.0
Spiny dogfish - Atlantic Coast,Atlantic Coast,2013,2012.0,215744.0,Metric Tons,NortheastShelf,215744.0
Spiny dogfish - Atlantic Coast,Atlantic Coast,2015,2015.0,138997.0,Metric Tons,NortheastShelf,138997.0
Spiny dogfish - Atlantic Coast,Atlantic Coast,2018,2018.0,106.80000305175781,thousand mt (female biomass only),NortheastShelf,106800.00305175781
Pacific bluefin tuna - Pacific,Pacific,2014,2012.0,26324.0,mt,PacificHM,26324.0
Pacific bluefin tuna - Pacific,Pacific,2016,2014.0,16557.0,Metric Tons,PacificHM,16557.0
Pacific bluefin tuna - Pacific,Pacific,2018,2016.0,21331.0,mt,PacificHM,21331.0
Pacific bluefin tuna - Pacific,Pacific,2020,2018.0,28228.0,Metric Tons,PacificHM,28228.0
Pacific bluefin tuna - Pacific,Pacific,2022,2020.0,65464.0,Metric Tons,PacificHM,65464.0
Bigeye tuna - Eastern Pacific,Eastern Pacific,2016,2016.0,91279.0,mt,PacificHM,91279.0
Bigeye tuna - Eastern Pacific,Eastern Pacific,2017,2017.0,118523.0,mt,PacificHM,118523.0
Bigeye tuna - Western and Central Pacific,Western and Central Pacific,2020,2018.0,569888.0,Metric Tons,PacificHM,569888.0
Bigeye tuna - Western and Central Pacific,Western and Central Pacific,2023,2021.0,715327.0,Metric Tons,PacificHM,715327.0
Swordfish - Eastern Pacific,Eastern Pacific,2014,2012.0,58590.0,Metric Tons,PacificHM,58590.0
Swordfish - Western and Central North Pacific,Western and Central North Pacific,2014,2012.0,72500.0,mt,PacificHM,72500.0
Swordfish - Western and Central North Pacific,Western and Central North Pacific,2018,2016.0,29404.0,mt (female mature biomass),PacificHM,29404.0
Swordfish - Western and Central North Pacific,Western and Central North Pacific,2023,2021.0,34900.0,Metric Tons,PacificHM,34900.0
Albacore - South Pacific,South Pacific,2015,2013.0,163344.0,Metric Tons,PacificHM,163344.0
Albacore - South Pacific,South Pacific,2018,2016.0,277059.1875,Metric Tons,PacificHM,277059.1875
Albacore - South Pacific,South Pacific,2021,2019.0,336424.84375,Metric Tons,PacificHM,336424.84375
Blue marlin - Pacific,Pacific,2021,2019.0,24241.0,Metric Tons,PacificHM,24241.0
Oceanic whitetip shark - Western and Central Pacific,Western and Central Pacific,2019,2016.0,298.0,Metric Tons,PacificHM,298.0
Silky shark - Western and Central Pacific,Western and Central Pacific,2018,2016.0,5560.0,Metric Tons,PacificHM,5560.0
Albacore - North Pacific,North Pacific,2014,2012.0,110101.0,mt,PacificHM,110101.0
Albacore - North Pacific,North Pacific,2017,2015.0,80618.0,mt,PacificHM,80618.0
Albacore - North Pacific,North Pacific,2020,2018.0,58858.0,Metric Tons,PacificHM,58858.0
Albacore - North Pacific,North Pacific,2023,2021.0,70229.0,Metric Tons,PacificHM,70229.0
Blue shark - North Pacific,North Pacific,2017,2015.0,308286.0,mt,PacificHM,308286.0
Blue shark - North Pacific,North Pacific,2023,2020.0,92954.0,Metric Tons,PacificHM,92954.0
Skipjack tuna - Western and Central Pacific,Western and Central Pacific,2016,2015.0,4166815.0,Metric Tons,PacificHM,4166815.0
Skipjack tuna - Western and Central Pacific,Western and Central Pacific,2022,2021.0,3090240.0,Metric Tons,PacificHM,3090240.0
Striped marlin - Western and Central Pacific,Western and Central Pacific,2019,2017.0,2130.300048828125,Metric Tons,PacificHM,2130.300048828125
Striped marlin - Western and Central Pacific,Western and Central Pacific,2023,2020.0,1696.0,Metric Tons,PacificHM,1696.0
Yellowfin tuna - Western and Central Pacific,Western and Central Pacific,2017,2015.0,754078.0,Metric Tons,PacificHM,754078.0
Yellowfin tuna - Western and Central Pacific,Western and Central Pacific,2018,2015.0,754078.0,Metric Tons,PacificHM,754078.0
Yellowfin tuna - Western and Central Pacific,Western and Central Pacific,2019,2015.0,754078.0,Metric Tons,PacificHM,754078.0
Yellowfin tuna - Western and Central Pacific,Western and Central Pacific,2020,2018.0,2229105.0,Metric Tons,PacificHM,2229105.0
Yellowfin tuna - Western and Central Pacific,Western and Central Pacific,2023,2021.0,2720563.0,Metric Tons,PacificHM,2720563.0
Yellowfin tuna - Eastern Pacific,Eastern Pacific,2017,2017.0,3117.0,mt,PacificHM,3117.0
Yellowfin tuna - Eastern Pacific,Eastern Pacific,2018,2018.0,508540.0,mt,PacificHM,508540.0
American Samoa Bottomfish Multi-species Complex,,2019,2017.0,102.5999984741211,Thousand Pounds,PacificEco,46538.57646987297
Black jack - American Samoa,American Samoa,2023,2021.0,2.0799999237060547,Metric Tons,PacificEco,2.0799999237060547
Common bluestripe snapper - American Samoa,American Samoa,2023,2021.0,12.520000457763672,Metric Tons,PacificEco,12.520000457763672
Flame snapper - American Samoa,American Samoa,2023,2021.0,12.899999618530273,Metric Tons,PacificEco,12.899999618530273
Golden eye jobfish - American Samoa,American Samoa,2023,2021.0,3.1700000762939453,Metric Tons,PacificEco,3.1700000762939453
Green jobfish - American Samoa,American Samoa,2023,2021.0,4.960000038146973,Metric Tons,PacificEco,4.960000038146973
Oblique-banded snapper - American Samoa,American Samoa,2023,2021.0,2.009999990463257,Metric Tons,PacificEco,2.009999990463257
Rusty jobfish - American Samoa,American Samoa,2023,2021.0,14.199999809265137,Metric Tons,PacificEco,14.199999809265137
Spotcheek emperor - American Samoa,American Samoa,2023,2021.0,9.630000114440918,Metric Tons,PacificEco,9.630000114440918
Yellow-edged lyretail - American Samoa,American Samoa,2023,2021.0,2.130000114440918,Metric Tons,PacificEco,2.130000114440918
Bullethead parrotfish - Main Hawaiian Islands,Main Hawaiian Islands,2017,2016.0,139438.0,kg,PacificEco,139.438
Giant trevally - Main Hawaiian Islands,Main Hawaiian Islands,2017,2016.0,1070000.0,kg,PacificEco,1070.0
Goatfish (Parupeneus porphyreus) - Main Hawaiian Islands,Main Hawaiian Islands,2017,2016.0,13810.0,kg,PacificEco,13.81
Main Hawaiian Islands Deep 7 Bottomfish Multi-species Complex,,2015,2013.0,11.630000114440918,Million Pounds,PacificEco,5275279.315009527
Main Hawaiian Islands Deep 7 Bottomfish Multi-species Complex,,2021,2018.0,21880000.0,lbs,PacificEco,9924601.0556
Palenose parrotfish - Main Hawaiian Islands,Main Hawaiian Islands,2017,2016.0,130295.0,kg,PacificEco,130.295
Redlip parrotfish - Main Hawaiian Islands,Main Hawaiian Islands,2017,2016.0,623532.0,kg,PacificEco,623.532
Regal parrotfish - Main Hawaiian Islands,Main Hawaiian Islands,2017,2016.0,32840.0,kg,PacificEco,32.84
Spanner crab - Main Hawaiian Islands,Main Hawaiian Islands,2019,2016.0,885057.0,lbs,PacificEco,401455.10221509
Spectacled parrotfish - Main Hawaiian Islands,Main Hawaiian Islands,2017,2016.0,78752.0,kg,PacificEco,78.752
Twosaddle goatfish - Main Hawaiian Islands,Main Hawaiian Islands,2017,2016.0,41983.0,kg,PacificEco,41.983
Bigeye bream - Guam,Guam,2019,2017.0,1600.0,Kg,PacificEco,1.6
Blacktail snapper - Guam,Guam,2019,2017.0,2671.0,Kg,PacificEco,2.671
Guam Bottomfish Multi-species Complex,,2019,2017.0,143.0,Thousand Pounds,PacificEco,64863.70891
Humpback red snapper - Guam,Guam,2019,2017.0,3020.0,Kg,PacificEco,3.02
Northern Mariana Islands Bottomfish Multi-species Complex,,2019,2017.0,569.2000122070312,Thousand Pounds,PacificEco,258184.78254101623
Pacific longnose parrotfish - Guam,Guam,2019,2017.0,5051.0,Kg,PacificEco,5.051
Steephead parrotfish - Guam,Guam,2019,2017.0,3617.0,Kg,PacificEco,3.617
